user_id,first name,last name,subscription_plan,age,gender,device_type,email,password,location,signup_date,street_address
1,Lind,Pfertner,Free,65,Female,Ios,lpfertner0@nba.com,b82631c70043e6155ddf2bb989da17f7532f76839e93abafec715e61b1a4a417,China,2021-04-04T14:28:32Z,8657 Lakewood Place
2,Jeramie,Kearney,Plus,12,Non-binary,Mac,jkearney1@sciencedaily.com,6243f6608354df9b9ab7401ec3651d3f66840732b54f1bafebe259e9e0e4263c,Finland,2021-06-08T12:05:01Z,01 Hooker Place
3,Katerine,Andell,Free,26,Bigender,Android,kandell2@mail.ru,70ee3d86ad4b377e9d5918b5e77b52dc764f55c62a174787ec3c89937b0140ee,Norway,2014-08-03T10:33:14Z,8405 Coolidge Circle
4,Ashely,Sedgemond,Free,54,Agender,Android,asedgemond3@live.com,507030c31cab9deae1ca764de30637b8e41aa94fd51623f14e0d1f09c9808e90,China,2022-03-07T15:42:13Z,2 Killdeer Pass
5,Jean,Humm,Free,72,Female,Windows,jhumm4@aboutads.info,fd764c2691fb2480f1c0f25cf8e10e78843fb275c0c07146ea29abebc08dfc7d,Argentina,2021-03-24T08:11:39Z,8 Sommers Lane
6,Barbra,Twiggs,Plus,35,Female,Android,btwiggs5@altervista.org,be1a33218bb5612a28327986b6c9d3e56df93ac1bb5d74d0b3d4b55af0e29e83,Peru,2016-01-30T09:49:27Z,753 Clyde Gallagher Hill
7,Den,Kinner,Free,107,Male,Mac,dkinner6@mtv.com,07230f0a6513fb6e34787488827fd95221d3ce2d157e3c3fc35e8ffc07911a85,Brazil,2016-01-03T23:06:27Z,1446 Hazelcrest Center
8,Shani,Rising,Free,77,Female,Ios,srising7@liveinternet.ru,fb3e9401e5caf07c5eb7ae052296db3a4f6123300fc4640a4f0adeecef29724c,Philippines,2020-12-31T21:15:06Z,821 Prairie Rose Parkway
9,Isidora,Culpan,Free,56,Bigender,Ios,iculpan8@wikimedia.org,c696c2eb5fcea5d59ab65a6b26705ea96809e7ac8c149a2b4df6c202833dbf4f,Russia,2015-06-10T13:11:48Z,51247 Cottonwood Alley
10,Lorianne,Ambrogio,Plus,87,Female,Other,lambrogio9@hatena.ne.jp,4f8d6de60c59eb95a2ef3eccb90a956b5d9583c786e9cc7dee21f030eb3b3efd,Ukraine,2016-11-01T20:33:50Z,1917 Lillian Trail
11,Willard,Soff,Free,72,Male,Android,wsoffa@unc.edu,8e2a348aa0a6f44093ed734b7fe6c28623cfba9d410e6898bdeb64138cd3cd68,United States,2015-11-13T03:29:10Z,16 Derek Crossing
12,Amabel,Treversh,Plus,41,Female,Android,atrevershb@surveymonkey.com,250c252e5c8d3f0c08075d0ebaedd669334e77ba31adc3a1d64ec3f83a3247a3,Indonesia,2021-12-19T03:29:04Z,0910 Bunting Lane
13,Chico,Dicker,Free,25,Male,Other,cdickerc@dmoz.org,a4f59f77d9c6d0919639f6ee781a6531e85e9f58f66590d506615ccf3be562f4,Poland,2019-06-02T04:05:42Z,882 Lunder Court
14,Lek,Purches,Free,88,Male,Ios,lpurchesd@harvard.edu,0a3975bd3722afa9483f320cc548eeaff23afb971c6fcae327079a91ceed019e,Poland,2017-09-22T20:44:39Z,6216 Ronald Regan Trail
15,Cori,Baudy,Free,40,Male,Android,cbaudye@flavors.me,7133d998270bb31b2d987ef3896670c76b7816003b83546ac477789949f8e23e,Indonesia,2015-01-04T03:53:38Z,035 Amoth Avenue
16,Pearla,Lorenzetto,Plus,22,Female,Other,plorenzettof@dagondesign.com,8c3f17519cd3667c16bc128aa26106ce20e19c4595f37847b259aabf81bc3082,China,2014-08-04T12:09:15Z,1033 Blackbird Alley
17,Annabelle,Temperley,Free,81,Female,Ios,atemperleyg@com.com,00a43d6693d5ae0a05f5fb70b09ad7de6dfb7d040b3fef8f506aa859a1c926fe,Ireland,2019-05-14T06:29:00Z,5 Meadow Ridge Parkway
18,Gayelord,De Gregorio,Free,118,Genderqueer,Windows,gdegregorioh@berkeley.edu,e9fe6bd912d7fc274305c3a2dd2ee227b4c7fc27b22c579a9889630f17c249f6,Tanzania,2018-01-10T08:20:35Z,42 Pierstorff Circle
19,Dionysus,Grebner,Plus,38,Male,Other,dgrebneri@ning.com,fc2a7fca2f3a1c3acf722b32b60f31aa88bd3eef084354c396917accf93b84f6,Indonesia,2021-08-21T18:34:27Z,7565 Randy Road
20,Laura,Klesel,Plus,67,Genderfluid,Ios,lkleselj@soundcloud.com,1a2041ce688d8388e4c923126d85a339550893e1c1797b9af7df452bb5b4d83c,China,2019-05-02T12:04:47Z,3104 Walton Road
21,Carr,Aldhous,Free,91,Male,Linux,caldhousk@ihg.com,63048a0681cd557e7349d99c9633b9c43b48c2958c766cc2aaccb93767216ad6,China,2014-07-25T01:44:21Z,0 Harper Crossing
22,Felix,Lyons,Plus,101,Male,Android,flyonsl@chicagotribune.com,f46b9476246da724023299628bae0bc5d06756f464aabd78d3f59b67ef07ea93,Nicaragua,2019-08-08T00:52:34Z,12 Bowman Terrace
23,Betsey,Wickwar,Plus,15,Female,Ios,bwickwarm@digg.com,7f3c0066e4dcf845bdc1ec601d60cfb39c05033fbe8c9473f2a5579b51633dcf,Indonesia,2017-02-20T07:10:10Z,66 Hansons Pass
24,Tann,Hargrove,Free,19,Male,Ios,thargroven@patch.com,40992c499409f718e4a6e7466722d2913027fb586e5667bc842df2c2ab1e2ecd,China,2014-12-06T21:48:57Z,2 Blaine Point
25,Klemens,Arnout,Plus,43,Male,Mac,karnouto@sciencedaily.com,a8e64376b881676e7750285d0afd4e6cc1074260c8d850681bf40e1433ca2fc5,Indonesia,2019-02-07T12:13:49Z,3322 Sunbrook Junction
26,Jazmin,Whitcombe,Free,35,Female,Android,jwhitcombep@state.tx.us,eabf413395c23e54c2b7b002d5a47cd88c1939f434c81a710b1cbe554d1dd91c,,2016-09-03T19:44:41Z,7 Roxbury Place
27,Eal,Fouch,Free,119,Genderqueer,Mac,efouchq@is.gd,f0a33f01b6be6973c13dff87ba50557af0c0feb6bb9c492f909fcabcdad5e37d,United States,2022-01-11T10:50:57Z,7227 Farwell Way
28,Janice,McKinney,Plus,75,Female,Ios,jmckinneyr@sina.com.cn,788fe1ff528fbd0d548ec636592d2c891889f4661d778d404b4eef53128f29be,United States,2019-09-12T07:19:04Z,95 Lawn Place
29,Rona,Merrin,Plus,12,Female,Linux,rmerrins@oaic.gov.au,df9ea891f9f41f9d59eb180544630a8e00614867b1b36d429ffbcbf320f6cb0c,China,2017-05-19T14:06:44Z,5 Eliot Junction
30,Emelda,Siveter,Plus,42,Female,Linux,esivetert@nationalgeographic.com,1caa1985ddb4832da4f742c32619b447d400ee97e54bcf806a9a420220506a33,Russia,2023-01-10T16:47:04Z,84 Pennsylvania Drive
31,Dwayne,Roake,Plus,35,Male,Linux,droakeu@state.tx.us,88d94790316ab0aba34fefdcf8b3dcba5e24d066c00d051103a8bb279be3b3ea,France,2014-11-30T03:11:17Z,133 Golden Leaf Way
32,Fairfax,Brittlebank,Free,66,Male,Linux,fbrittlebankv@woothemes.com,e275b44ce3f8e6b1beb2283b429bfce275b592489bc8878c6ab20528ba0d81a8,China,2016-08-21T00:19:40Z,8112 Pine View Circle
33,Alfy,Renoden,Plus,38,Male,Android,arenodenw@europa.eu,c4b6870c1c5839d8e7c38501ad8d2434868ab29a199819412edb062bbae28794,Russia,2017-04-06T01:46:42Z,1 Del Mar Road
34,Helene,Tibbits,Plus,13,Female,Windows,htibbitsx@1und1.de,9c3d4268c80961f37bc36b1a6bad35e1d640435c94e65afbae9ed49417f01655,Nigeria,2020-01-07T16:04:38Z,51688 Burrows Road
35,Myrtie,Cothey,Free,114,Female,Android,mcotheyy@utexas.edu,d6c892d1bb0c71b89950146290e157f857e330fe79b7b31b1f6271c972a07d13,France,2019-10-10T15:13:51Z,92788 Di Loreto Point
36,Sam,Basten,Plus,94,Male,Windows,sbastenz@marriott.com,5c02e3948de858f915bc0c726e90825c3e15208f8aaf6ae54ce13efd5ca95fd6,China,2021-09-22T12:45:35Z,19 Packers Plaza
37,Barrie,Vasilischev,Plus,35,Male,Mac,bvasilischev10@google.es,63534f101d92730247fb5d30bacccc9d39aef6cb146f4ad01e48167869f72355,France,2022-02-21T15:44:35Z,4209 Springs Park
38,Klara,Pariso,Plus,47,Female,Android,kpariso11@phpbb.com,24ce1fbfa8e90204875f7cee19b410335eb96c36e74b14cc1d76a4c0f322428a,Kazakhstan,2018-12-14T12:11:11Z,82 Sycamore Pass
39,Emmy,Garber,Free,74,Male,Other,egarber12@howstuffworks.com,35c3d23ce2f0480d6cb91c02e88f33403125484306aaa914efe7be8d2087c26c,Ecuador,2017-03-09T04:04:44Z,29366 Holmberg Avenue
40,Sophronia,Nealy,Free,20,Female,Other,snealy13@blogspot.com,a10bd0acde9924d01098db8e815065752988a3249eed378aeaefbb4ad6e17587,Mexico,2017-04-04T01:35:32Z,6 Fieldstone Street
41,Rosemaria,Klousner,Plus,56,Female,Mac,rklousner14@imdb.com,f066bad14799633ecdf00313518f4f7b2daac5d8024183c4568bf268aec1f135,Indonesia,2016-09-28T22:22:31Z,91 Lotheville Park
42,Ava,Bonicelli,Plus,49,Female,Windows,abonicelli15@buzzfeed.com,1a264ed90b6efe4e724be745f7186ccae4f457956e8903b6aced19eb17c599c5,Greece,2014-01-17T20:13:49Z,71940 Holy Cross Court
43,Cart,Penwright,Plus,64,Male,Linux,cpenwright16@diigo.com,af87a8e6b82186feb30b3b0306ecc9000ac380408d685ca39d497065b2953f68,China,2013-05-24T20:42:40Z,9751 Lakewood Terrace
44,Rich,Sheers,Free,77,Male,Other,rsheers17@opensource.org,8f8853b0e00ac03933cebc29b5a148a5a8a64e5bbe75aa151935019b562d37d1,Brazil,2016-03-22T06:47:07Z,682 Fulton Center
45,Millicent,Duffan,Free,55,Female,Ios,mduffan18@pen.io,1b61e02eab9b58bb1291a337e1eca6485cd8949eb227ee2f4c15ed57fbe58188,China,2013-09-28T19:41:01Z,175 Gina Circle
46,Alaine,Jirka,Plus,51,Female,Linux,ajirka19@ucoz.com,1cc426a83bfb90632cef3a702e890c99a9de84d7d85b52fd3c78d873bc3792d9,Sweden,2018-11-12T09:34:00Z,43 5th Way
47,Margareta,Whitehorn,Free,37,Female,Ios,mwhitehorn1a@instagram.com,75ecef8abfd982ea735fb9fe66a13d5641b401312e58040413a107d6122498a6,Poland,2020-09-10T09:59:49Z,5727 Fremont Avenue
48,Misha,Andrewartha,Plus,47,Female,Windows,mandrewartha1b@addtoany.com,243b83b4b0b6b985bad4a36bc3d1fbcc272226020cbaf427fb5c2365047b4f5a,China,2021-09-14T02:16:36Z,82672 Prentice Trail
49,Cherilynn,Hasel,Free,61,Female,Windows,chasel1c@a8.net,59543e60d4d5c6bc2a66b30151c6cf27104fb6a353cc68a3f631e37d9a560c31,Sweden,2019-09-12T18:03:21Z,53 Carioca Parkway
50,Kylie,Tomsen,Free,18,Female,Windows,ktomsen1d@usda.gov,1913f94df5375e290dff4f07d5ff0922a3c4b80c33e665a6fa07a8437ff2c9a6,Egypt,2022-04-04T16:30:24Z,9 Iowa Terrace
51,Essy,Ebbles,Plus,95,Female,Android,eebbles1e@e-recht24.de,a1f49edf948e96c691cdde65abda2832578af7694421dfb7971b114decc9b9cc,Indonesia,2015-03-28T23:59:28Z,3922 Meadow Ridge Plaza
52,Viviana,Cosgrave,Free,63,Female,Other,vcosgrave1f@home.pl,5cc1973d73acc91987f5033e9692558c3fbda8d46c127b603559bb3f14b5d78b,Bosnia and Herzegovina,2013-04-10T20:11:49Z,93995 Dayton Place
53,Reynard,Challis,Free,15,Male,Ios,rchallis1g@trellian.com,eeae2525618177e0da94b9821edc24cbfa63280927c83bd813da32998339f66c,Poland,2013-10-21T17:47:34Z,4724 Talmadge Junction
54,Pauly,Blasli,Plus,114,Male,Ios,pblasli1h@ed.gov,220978299ad24bcdd8643f643db87430d2abffb865e5c2d84a2f9a3bbbc565db,China,2018-07-17T21:28:07Z,618 Spohn Parkway
55,Madge,Takle,Free,99,Female,Android,mtakle1i@google.co.uk,9471f657cb8b2777d70f195f9b8dc04691d465044103793950e941dafe1287bc,China,2020-02-24T00:35:39Z,48 Sloan Junction
56,Fidelia,Billo,Free,27,Female,Windows,fbillo1j@umich.edu,5e053d145084a2eef62d336869e35b7b1b4f189dbddae8320affc506845c236c,Poland,2017-04-07T16:02:26Z,6 Heffernan Hill
57,Cyndia,Pridham,Plus,84,Female,Other,cpridham1k@shinystat.com,07a08143a22287252867c114a2578ac36d5c5770b06acbdf28cc9c20b6cfb931,Serbia,2019-07-29T14:22:05Z,4488 Old Gate Center
58,Zsa zsa,Jacob,Plus,60,Female,Mac,zjacob1l@wsj.com,66be8ef11d2f8af376992e395cf7802b7d22a77134f5c124e184132e566b97a6,Albania,2016-02-22T02:03:03Z,5028 Shasta Plaza
59,Lynsey,Sarah,Plus,102,Genderqueer,Ios,lsarah1m@chicagotribune.com,b468d1aace12429a0af651b362695250286ab9bf95e6754837ae470eb27111f1,Sweden,2017-02-14T19:00:28Z,5 Shelley Court
60,Devlen,Orae,Free,32,Male,Mac,dorae1n@reverbnation.com,020b4f2f8d32f869ddfcfb35038f9484281bbb277a06400bd6939650f721eab2,Australia,2022-02-19T19:13:46Z,41426 Grasskamp Way
61,Giustina,Tonry,Plus,46,Female,Linux,gtonry1o@indiegogo.com,155426d6b1365ae511a64a73b5abd5506cf9ddf42d38f4c85422109bdf263cea,Russia,2022-03-03T05:36:32Z,08 Delaware Circle
62,Cass,Hallowell,Plus,73,Female,Ios,challowell1p@163.com,643a82bc1afcdbd336a126a318e14319d58a2c8c470a5f3ca27e68359779ff1f,El Salvador,2014-05-16T09:11:09Z,139 Vera Terrace
63,Norrie,Lacheze,Plus,51,Male,Ios,nlacheze1q@hud.gov,5127802067294ff04aff01d5d466e017f17ab479ee75f588bfe1bbb41e449729,China,2013-06-11T11:07:15Z,60 South Drive
64,Bourke,Tapenden,Plus,32,Male,Ios,btapenden1r@sakura.ne.jp,e7f7e3417d1838688a61f0a80f0f918cfa4251220ad3904dea059356bd304b54,Indonesia,2021-12-04T23:17:22Z,41136 Schmedeman Crossing
65,Matias,Bancroft,Plus,70,Male,Linux,mbancroft1s@google.ca,98cc24ce65c275048c983bfb22b2c04e95277bf9b43f465a57917794b00be860,Poland,2019-07-13T18:17:54Z,81 Springs Crossing
66,Chrissy,Corsor,Free,62,Male,Other,ccorsor1t@dyndns.org,088f59154fe199d93be4bcebeb2b0189c776bd2856da68a7992ec5ec425a20dd,Colombia,2013-07-19T23:16:21Z,82 Moulton Street
67,Denice,Sate,Plus,35,Female,Windows,dsate1u@google.com,da16f633cb7022ccdbfc596055fe98dcdfa470f1ef6222f89299674f169ea3e4,,2016-10-28T07:53:29Z,63365 Holmberg Trail
68,My,Sprey,Free,92,Male,Ios,msprey1v@youku.com,a451c53968d10387b60de61a90e338315a87732edd450ab653e2343287c4b88d,Brazil,2013-11-05T00:20:47Z,3830 Sundown Crossing
69,Leoline,Hazley,Plus,116,Female,Other,lhazley1w@mail.ru,a893a8572093995f5e16abf71033eb433e232ea09822e2ef0a12e6491729ff91,Russia,2020-03-27T22:13:15Z,36790 Vahlen Center
70,Maribel,McAdam,Plus,76,Female,Windows,mmcadam1x@opensource.org,cea0b9f4c95e174dc013e8b664e1c46292412ce6adc2dd53340618670a49e505,Pakistan,2018-01-11T12:36:44Z,0 Hauk Trail
71,Sheeree,Levesque,Plus,113,Female,Other,slevesque1y@google.com.au,6646ba623c0936ccf8370862a0368caee75d9739ecd25b8cfb5327c74e55f18d,Iran,2018-08-27T04:23:30Z,69 High Crossing Road
72,Hayes,Boadby,Free,48,Male,Other,hboadby1z@omniture.com,62a46e53836a06da607a53e2842e61d2512370a317b7c1518d3d1dfef5a0cdb6,Bolivia,2021-06-22T08:46:39Z,7 Autumn Leaf Plaza
73,Jose,Hynard,Free,60,Male,Mac,jhynard20@stumbleupon.com,e93f660a41cbea01e217fbe088814606fb9766c7bc802225fff727a9dc321602,Russia,2019-10-03T00:12:01Z,098 Northwestern Lane
74,Haslett,Holworth,Plus,48,Male,Android,hholworth21@nature.com,1a2394d369a951464326444808cb1f4b9d783f35c1896a8567723c035f6446ee,Peru,2021-02-16T19:09:57Z,35956 Brickson Park Trail
75,Cherilynn,Annell,Free,103,Female,Ios,cannell22@google.it,bb565ee0c381862430fed832861b8b02a0f6ae713a834a0ec98541d674be9f9a,China,2015-03-12T20:25:13Z,9250 David Court
76,Costa,Lodwick,Plus,88,Male,Other,clodwick23@tmall.com,ecb9b95cf37b6131ac10f3507b189cd3b7266988c58839569b2aa5ccc484aaee,United States,2018-11-16T02:01:02Z,6720 Birchwood Avenue
77,Matias,Sherburn,Free,16,Male,Windows,msherburn24@omniture.com,0ebd28adbf1401134ca0e5efac92b13914b7061af1dc0b980782928d2326c3ff,Poland,2019-11-04T20:30:05Z,532 Veith Court
78,Bridget,Cufley,Free,24,Female,Android,bcufley25@cornell.edu,a4e585c273dc62341f2ea8493ab811781baed6de1c47ed34a7acca8b26a79e5e,Montenegro,2013-12-05T23:16:29Z,17 Glendale Junction
79,Jaquith,Lodin,Plus,114,Female,Ios,jlodin26@redcross.org,64cea94c41654fa4e51313e1d71e8ba614c5b4113f9d4d4eb5f45b59a2aa14cd,Mauritius,2014-01-12T01:37:12Z,8975 Norway Maple Avenue
80,Viole,Lilywhite,Free,62,Agender,Mac,vlilywhite27@cnn.com,325e31d668befd78241c1709ea88704e639ebdcec111c8857e4da4dfa431f82c,Russia,2015-07-14T07:12:13Z,7493 Autumn Leaf Crossing
81,Magda,Meade,Free,71,Female,Other,mmeade28@earthlink.net,8049560f7f32d8f16ac1a31cac097d9f11a6a42166f33a345b895d5be2a684de,South Korea,2016-05-27T22:55:29Z,772 4th Point
82,Alida,Leedes,Plus,90,Female,Mac,aleedes29@acquirethisname.com,ec994e47b47643a3f056111742231024c064e1f22896e5599e48de7fa835da3f,Sweden,2016-02-23T03:03:50Z,63558 Alpine Hill
83,Luis,Ungerer,Plus,50,Male,Linux,lungerer2a@smh.com.au,52e79785c8febb3d0497b9cd7af1d4dae5d64bd35a527f2bcf3fb703b73527ef,China,2016-06-03T22:42:48Z,63766 Clemons Road
84,Clerc,Vermer,Plus,15,Male,Other,cvermer2b@hibu.com,185fe4862cefed72faee9bc2d9c3b33a202e9d63fa2a319476e972bed527045f,China,2013-04-08T21:41:44Z,36979 Huxley Junction
85,Carena,Commings,Free,30,Female,Android,ccommings2c@ucsd.edu,603f9870dcb3956e17764a562af8a62c0714b395bc6a7237dba75bcfe72d38a3,Sweden,2020-01-04T15:54:51Z,80787 Lukken Trail
86,Tedman,Cadden,Free,97,Male,Android,tcadden2d@hhs.gov,0c3fc546078fa5dd56eb0652f4199a46cadcf682cedf38ef3b7c31043d0004d2,China,2013-05-11T05:08:49Z,3931 Golf Park
87,Adriana,Montier,Plus,108,Female,Windows,amontier2e@1688.com,4c47fd81f2ba4c6a99b0c05a48b091f73eca4f1777ff4cd31698dc735fc1cf84,Russia,2016-08-28T23:26:45Z,5 Clarendon Crossing
88,Dimitry,Dwerryhouse,Plus,103,Genderqueer,Other,ddwerryhouse2f@boston.com,e1b44049027c018b76159930855ad9c431679588033b0897723f08021588fe66,Brazil,2016-01-30T22:19:44Z,0 Spenser Court
89,Zsazsa,Attrill,Free,112,Female,Windows,zattrill2g@github.com,6e82c51284d6e3b5fc76b01b2ed9db2b850b0008f732dd605236e3187bfb5732,Russia,2021-12-27T20:29:58Z,25452 Waubesa Terrace
90,Anthony,McKinn,Plus,116,Male,Ios,amckinn2h@exblog.jp,a437477610fe4fe67660b6e80a84986e67436aad324d311f01e94197a2445ce2,Bangladesh,2021-11-24T21:23:45Z,05 Birchwood Crossing
91,Nanni,Capponer,Free,60,Polygender,Android,ncapponer2i@chronoengine.com,f79a780be67f5d689a98ca476697baa70f644ff06c89bc43931dfd798de9c824,Canada,2021-02-06T22:01:14Z,60047 Spenser Crossing
92,Corabel,Farmloe,Free,40,Female,Ios,cfarmloe2j@yellowbook.com,de6746c9a085eee50171fe704564278f1c7f740d2913fde6a21c1366fbe6d057,China,2017-02-17T01:06:40Z,53 Northwestern Drive
93,Dickie,Gribben,Free,62,Male,Other,dgribben2k@qq.com,07370cfeb2643190e46bf1e071435f1af4ea930faa6d77862d6a7034e8952eca,Mexico,2019-10-02T21:57:07Z,8 Florence Plaza
94,Adan,Sherwood,Free,47,Male,Android,asherwood2l@reddit.com,5bff97f40738defac9d58fc5563508b103a6135f28be68dac97411098f2a6bc4,Vietnam,2016-12-08T23:31:19Z,3 East Point
95,Marcus,Sheran,Free,27,Male,Mac,msheran2m@usnews.com,8e0ef135659f122b7f53d0d1a8900da95eded136eb4fce9871df005336101985,China,2021-12-15T07:03:54Z,7 Bultman Circle
96,Deeann,Kenway,Free,77,Female,Linux,dkenway2n@prnewswire.com,005f3555fd840e7fd6ba8ad0c4d9ff7ae245c56b890b1426fcaef6262ad79650,Japan,2016-01-29T22:47:13Z,965 Jay Drive
97,Lanny,Roberts,Free,58,Agender,Ios,lroberts2o@wufoo.com,90fbc3d5b938aa967498976b17d02c5a6969a6a5ec137e258a3a17f1f13970eb,Colombia,2019-07-05T15:37:30Z,4119 Hallows Road
98,Robinet,Krahl,Plus,17,Male,Windows,rkrahl2p@webs.com,cce5d85af6ba798f0108516f4996b7343264b15b7d31abf2778718b3b381967e,Thailand,2016-10-26T08:04:39Z,02 Kings Junction
99,Gertrudis,Dunniom,Free,108,Female,Windows,gdunniom2q@twitpic.com,6975f0486eae6d6c946e1a0a1ba6a7f2188306d15d3b75a6e856db6ccd4e8bee,China,2021-12-29T01:28:19Z,75049 Crowley Alley
100,Edyth,Tayt,Free,41,Female,Mac,etayt2r@army.mil,144d12356bd8cbd8e982ea859b7a04c3ca40602b97ed062070da448d7dd78d3c,Syria,2014-08-21T12:26:22Z,18 Quincy Plaza
101,Jojo,Mitrovic,Plus,89,Female,Other,jmitrovic2s@blogger.com,2899b6bb5ca0878bc953aa99a882af9f6d58d2585301d55aaf775958c66289cb,Sweden,2015-06-02T14:55:27Z,0421 Saint Paul Drive
102,Ira,MacAree,Free,30,Female,Mac,imacaree2t@woothemes.com,12d3894fec0aee0e15cf1bf7f428482277d1ad5119674911789aee230bf3305f,Russia,2018-08-10T09:44:17Z,94895 Kropf Way
103,Anthea,Kenington,Plus,105,Female,Ios,akenington2u@delicious.com,00275f75e0926c8f4831c75cee1ed4bf89e70ad53d7a24db55d8c9aa5ee010dc,Malaysia,2018-08-15T04:00:00Z,6 Veith Way
104,Marleah,Sarchwell,Free,60,Female,Mac,msarchwell2v@about.com,75c10d9db2f456ff935ec2b9717b3b64ba6421f51ad2854faee5f774a68bfc1a,Ukraine,2022-04-08T10:52:10Z,23661 Loomis Park
105,Gloriane,Leppard,Plus,92,Female,Android,gleppard2w@deviantart.com,7397ef966c8dad961b9c794d321bb7bc19b914677d45955a2b206b994116ad0c,Mexico,2021-12-15T10:58:28Z,9638 Laurel Plaza
106,Roarke,Lichfield,Plus,89,Male,Android,rlichfield2x@amazon.co.uk,256006429fa5feaff1cd18473e890debcb06667a05e9c8636eb8d09a8fb1157d,Portugal,2018-09-12T04:16:46Z,016 Holy Cross Plaza
107,Camala,Milam,Plus,116,Female,Other,cmilam2y@latimes.com,7d393a53ebf454a68d1404dd7dc272d46ca9c5b7e14cafbf8c08b7dd4ecaaa50,Indonesia,2016-11-18T22:32:08Z,3 Darwin Drive
108,Dominga,Castanos,Plus,53,Female,Ios,dcastanos2z@tripadvisor.com,5f26bc3192536cf764bccd442a5bb9babcc39c9c3676a1d2d96ae9a8e53604fa,Finland,2017-12-16T14:10:08Z,9495 Brickson Park Parkway
109,Karney,Niessen,Plus,58,Male,Android,kniessen30@tamu.edu,53a438154933282ef7ea1458426db9d9e2b3b27cbd268bee24888a62989fea05,China,2014-01-26T21:41:37Z,94545 Manufacturers Road
110,Bond,Volkers,Free,104,Male,Mac,bvolkers31@msu.edu,724867f6d5b36bf94f1737f9e2830fec2037cc6a5795e194c174eb7e6cc7548e,Russia,2021-02-26T21:50:29Z,4 Dovetail Parkway
111,Gilemette,Stratford,Plus,38,Female,Other,gstratford32@statcounter.com,16651af0a77fc4a703d0e6804689be2b6ead1c6f1a284e485c1ebd51e8066602,Portugal,2014-11-06T03:36:51Z,09856 Village Green Plaza
112,Merlina,Hallwell,Free,85,Female,Android,mhallwell33@tripod.com,8980efa2b98f463b3b98bc620b079c4a30d1cd2aa9c3dcaa3ad98286e7b03eec,China,2019-01-28T19:07:21Z,9 Dennis Junction
113,Tania,Tedstone,Plus,36,Female,Windows,ttedstone34@amazon.co.jp,b201443b12d6f37560b90de6f7301502a9ed57a25ed91c2d8d6c5dca250257e0,Bangladesh,2021-10-31T09:13:19Z,65 Continental Terrace
114,Audra,Housaman,Plus,76,Female,Mac,ahousaman35@symantec.com,2c3199bfef3e64da4f3f56c179b80f430d5107856ffac8763113eb31c062394e,Croatia,2014-06-06T17:44:44Z,687 Division Hill
115,Raff,Clementel,Plus,51,Male,Ios,rclementel36@microsoft.com,07650e46b9d54bf8efe4e5f68ddb5ba7bccdc52f167345877f989356071176fa,Peru,2016-09-21T19:24:53Z,950 Wayridge Avenue
116,Sybilla,Hauch,Free,87,Female,Mac,shauch37@boston.com,7b75ae259bdf1732dae42699220b4fe92d15496118bfe349a2ab7bb250cd7dba,Philippines,2018-02-26T08:51:25Z,5 Dunning Place
117,Paulie,Hastin,Free,86,Female,Linux,phastin38@lycos.com,f49447e78ca156f9a42a26a824614414f340b400e266d794cc35332b8806f23e,China,2017-09-05T00:10:35Z,1565 Becker Hill
118,Hartwell,Fennick,Plus,57,Male,Ios,hfennick39@dailymotion.com,dd0abd98a9893c3f5748508380eb68fd6fea5e7331ab1047778c16984be376c7,Indonesia,2019-06-15T11:51:58Z,49801 Mayer Hill
119,Oralle,Chimienti,Plus,84,Agender,Ios,ochimienti3a@bandcamp.com,af7fba834841ab6aeefc116f72ba4f6ffbdc8ac1b0996744b9f597387d51c154,Thailand,2021-10-19T18:56:34Z,028 Shelley Parkway
120,Vivien,Jeandet,Free,40,Female,Linux,vjeandet3b@sourceforge.net,2dae7b78b54d88081147aecfc6b80f5cf8a9543f906d2c14e45ab88428974619,Armenia,2015-06-12T12:59:48Z,3037 Marquette Center
121,Heinrick,Djorevic,Free,80,Male,Windows,hdjorevic3c@tinyurl.com,eeb9daa286a3264703a1ffe566720d10e14a92e0daeb9a5e21bcad101168766b,France,2020-08-12T06:27:36Z,62137 Northridge Court
122,Effie,Gerg,Free,107,Female,Windows,egerg3d@ibm.com,95d02638a2e68922c56de92226f2f850d100a275f97caeb415684700d8325e92,Philippines,2015-10-24T15:35:23Z,65 Erie Way
123,Hilton,Creedland,Free,63,Male,Ios,hcreedland3e@free.fr,b08b2b7a2d21971c0a5e687fa9afc9ba24ad488bcaebb41f4e25834c2a325866,Indonesia,2020-11-09T15:47:37Z,8 Almo Point
124,Lenna,Masarrat,Free,15,Female,Windows,lmasarrat3f@nba.com,4bb1d5f4eeb688265ce5ce12ba4cff4be7804a323172ee9984953bc496116f2e,China,2015-02-05T22:07:21Z,3 Erie Trail
125,Mandie,Langabeer,Plus,41,Female,Other,mlangabeer3g@technorati.com,fd3d30a4f435f48955629fbe1e8f118b76ce780dc0e371037a744b9e0da25d81,Philippines,2019-04-28T05:10:44Z,83 Kensington Alley
126,Magnum,Savile,Free,42,Male,Linux,msavile3h@miibeian.gov.cn,1f3d1f67c010ba5f32e9bc070eea50110977e8bb82bba9b642c52ed8296e91c6,Colombia,2014-06-08T11:03:32Z,6130 Melody Junction
127,Charisse,Sealy,Free,14,Genderqueer,Windows,csealy3i@ucoz.ru,34d104693a332bce832cb8d642aaeba9d93025118b3b7869041783cc9aa9f90a,Indonesia,2013-10-27T15:53:29Z,48 Duke Crossing
128,Crista,Cubley,Free,110,Female,Linux,ccubley3j@opensource.org,753d97d7eea890cf4fe6f44c46f616ad4a4fceb2a9e41159933e2f503fea26fd,Costa Rica,2018-09-12T23:25:29Z,6 Delladonna Lane
129,Derrik,Amoore,Free,20,Male,Other,damoore3k@tmall.com,c85aeb5fcbeef0e1f976e055e90950c46f1a109a6eb742ad8613df5b25a8c195,France,2022-08-08T07:39:38Z,90099 Aberg Drive
130,Tallie,Byng,Plus,78,Female,Other,tbyng3l@eventbrite.com,8f601080ef06c630bc34fcc77910347993907a105f091483f02fe8803fdc20fb,Netherlands,2014-12-05T18:31:36Z,5255 Waubesa Court
131,Rosalynd,Lukes,Free,76,Female,Android,rlukes3m@uiuc.edu,e3e3e53ec2ffc4d40865e11e39417d1c9fa6f4dd13409104877868cc1e297d1f,China,2020-08-04T07:40:16Z,9158 Crownhardt Avenue
132,Reinald,Bowcher,Plus,74,Male,Android,rbowcher3n@businesswire.com,e394757aa85d4743affd05e152c2a5ffba677480e762edb469a5b0b54030a03e,Peru,2014-10-17T15:47:11Z,6621 Dovetail Pass
133,Rosalyn,Rome,Free,102,Female,Windows,rrome3o@adobe.com,bbf6ac626fd545062f9332774c28e78639fa9b0e874964b7b832a9b070d07f89,Russia,2016-05-28T17:48:21Z,8 Oak Alley
134,Bekki,Stranks,Plus,14,Female,Linux,bstranks3p@vkontakte.ru,287cc54e30a9a4eabb131dbcec1f80bf6aaeaf83f26ee366fbf0e6f3db419680,Russia,2017-10-20T10:38:25Z,33 Swallow Place
135,Ferdie,Sirl,Free,13,Male,Ios,fsirl3q@washington.edu,833ccb3cc068e713bd126426ac1a1b56a13c743dd09ddf4a073dd1feb4610cea,Sudan,2021-12-11T16:09:38Z,3 Pleasure Junction
136,Ignaz,Bech,Free,12,Male,Linux,ibech3r@creativecommons.org,18874cdcebf56846f15663e8adcdec03efb1d9c71fad39a93732dfb010f608b7,France,2013-11-20T14:30:00Z,9003 Portage Pass
137,Anna-diane,Caizley,Free,117,Female,Linux,acaizley3s@miibeian.gov.cn,372fd97d6781d2bed1b17cfb4cf078a86a385828bd8afb0a87688f7179149731,Thailand,2014-09-28T20:41:28Z,79501 Nelson Alley
138,Gare,Kleingrub,Plus,12,Male,Windows,gkleingrub3t@amazon.de,b8e655259a87c420e8a319ab6b101d51464ddadabb8b2aba921e7e0cd78463ba,United States,2022-02-16T23:46:07Z,65 Susan Pass
139,Beth,Weatherhead,Free,87,Female,Other,bweatherhead3u@booking.com,ef5832bc750259e1027db117d29a80b8f04cf5fa131a51e202168dc33cdaa2db,China,2018-01-20T09:57:36Z,854 Porter Pass
140,Chandal,Ixer,Free,74,Female,Other,cixer3v@wired.com,f937c4fc4edbd44a1f7ffb492ba7c65ee72599bc2aae136d3a08a933ac90bc3e,Poland,2017-05-16T09:10:18Z,071 Clove Junction
141,Ferrell,Witham,Free,117,Male,Mac,fwitham3w@squarespace.com,ab21ecf9f9975488585b30d1123c949e19dcabf09556225311dfcfbe0e627bd5,Czech Republic,2019-03-18T03:13:59Z,83821 Barnett Terrace
142,Leora,Battin,Free,74,Female,Android,lbattin3x@feedburner.com,ce7c88fca0974c98093fe889aed8b874dc9462a0eff2fa86a1f9cd31e35549a0,Philippines,2020-04-05T12:27:31Z,149 Pierstorff Pass
143,Kandy,Arter,Free,102,Female,Linux,karter3y@friendfeed.com,2429a2b1fce6e4401a1b698ade6eb226f0c38e8b6839fa84d35dc01dfc27b6fc,Ethiopia,2020-11-27T00:40:17Z,23 Dahle Alley
144,Alexandro,Soggee,Free,53,Male,Other,asoggee3z@w3.org,0e7c2c4361d4de5ae2e66f92f15ff6a7cbfc9305e8c31178f5af89bcadd1dc37,Pakistan,2020-12-16T21:06:31Z,84985 Riverside Terrace
145,Ilise,Hughf,Free,66,Female,Ios,ihughf40@spotify.com,6096865357a1f97e8fade9d2b6715f0a714dbfdb8bab89c6857e5fad4813dba4,Kosovo,2020-05-27T00:15:13Z,40694 Bluestem Center
146,Lenci,Whayman,Free,61,Male,Other,lwhayman41@qq.com,a93aa5283a48a0dbfb0c50bb8dba6fe0ac002c2a68235ad63e8b0fa98311bb73,Japan,2013-10-01T22:40:26Z,429 Delladonna Lane
147,Daryl,Delort,Free,81,Female,Windows,ddelort42@example.com,27eff000a3a15cb827f40586db940a80ec1db34c3a4e88a93e7fb5231709f305,Russia,2015-08-12T15:43:04Z,346 Nevada Circle
148,Marjory,Blowfield,Free,22,Female,Other,mblowfield43@pagesperso-orange.fr,41267df25b6ef4fe99bf298451300830025d530f74759467c1a7902f23ede7ee,Indonesia,2019-03-27T16:23:42Z,32135 Blue Bill Park Parkway
149,Mamie,Ogilvie,Free,84,Female,Windows,mogilvie44@prlog.org,4494f76c6bf69358a46dad7303f72e693ae83ad0ee532fc692dfbff9a171b88a,China,2017-06-25T01:11:01Z,30978 Westport Plaza
150,Sawyere,Krienke,Free,23,Male,Other,skrienke45@sourceforge.net,ba9a73c4b3e9c21ca2d7146e02d988c4ea72f2d7a17eec2c02e7a0bf099fb5ff,Chile,2021-06-20T19:55:12Z,258 Atwood Hill
151,Bealle,Hardeman,Plus,16,Genderqueer,Android,bhardeman46@dmoz.org,9ba0324d7f280056ead020500d99ce0431de223976e0904745218c6e901545f0,Finland,2014-06-13T18:01:10Z,01881 Toban Junction
152,Drucill,Sexcey,Plus,80,Female,Android,dsexcey47@addthis.com,65030ff0e4d808696b4e26ed0363b76b7292afa87b258fb7cd35ca37138dabb7,Indonesia,2020-09-07T02:47:34Z,046 Farragut Trail
153,Staci,Bouda,Plus,116,Female,Android,sbouda48@vkontakte.ru,b53bfbbf459be6ca2dbe8a1656dd5fd16f41fb695e4e5c42218e0dd0aec8620c,Brazil,2014-07-18T11:13:43Z,87764 3rd Crossing
154,Jolyn,Housley,Plus,22,Female,Other,jhousley49@economist.com,cf05c0a23554821869023d4d45a441420268f0af8e3fa5ba54633c9b559ab6bc,China,2015-05-18T22:14:00Z,2 Dixon Pass
155,Stanly,Orris,Free,17,Male,Windows,sorris4a@huffingtonpost.com,422b93fd788c01676f1206728aa32434d9e005a235dfa712e91dff4f561363b9,China,2018-06-05T03:02:28Z,8502 Browning Park
156,Hester,Congrave,Plus,58,Female,Mac,hcongrave4b@clickbank.net,899d85778dd05fffaffbe945515208d0a96eb93df31856438d6ef555e2a38406,Indonesia,2014-03-22T02:23:49Z,1 Forest Run Lane
157,Arlin,Crevagh,Free,24,Male,Mac,acrevagh4c@stanford.edu,39c26462eebbc9ea377e9aa850d9ded8c92e679b3982c021ec47f6c8c300276a,Cameroon,2022-05-19T12:44:33Z,0349 Monica Junction
158,Cammi,Coatman,Free,78,Female,Android,ccoatman4d@hhs.gov,bf352874eafea40c8b7f7ecb876bd623ba77b42a9411101ca21ff85aed42c725,Brazil,2018-08-17T20:17:42Z,7 Harper Road
159,Terrijo,Seifenmacher,Free,58,Female,Windows,tseifenmacher4e@digg.com,17f3f6169f063b90a50c62da16a3301be69b014abb7efa245da361ac0f23509c,Peru,2020-06-03T13:19:01Z,9 Linden Avenue
160,Waly,Cassells,Free,47,Female,Android,wcassells4f@com.com,31d3f8521b57c30af06e9c5dad5b09529984640d69538f0fec4d10ee081ac20e,United States,2021-11-30T22:19:18Z,7719 Rutledge Point
161,Alene,Giannotti,Free,53,Female,Ios,agiannotti4g@histats.com,88561aee406f8486cab56bbdc4979024e829ef8ef9119d99d854a6939c0ee820,Ireland,2020-09-26T01:41:55Z,830 Sullivan Plaza
162,Abby,O'Carran,Plus,108,Male,Android,aocarran4h@msn.com,410bdd12ea9af5b55ddb2661d3677cf6edace47f64ec677db674d4e3c1a891b6,Azerbaijan,2017-05-12T16:32:51Z,77 Hanover Avenue
163,Carver,Mingame,Free,104,Male,Windows,cmingame4i@prlog.org,20ab6ef439bbdcb17ab9d8c9c027cd98aac0d87611ec09bedfac096e1fc287c8,Thailand,2022-11-02T16:51:33Z,465 Almo Way
164,Sarene,Braksper,Free,15,Female,Windows,sbraksper4j@ustream.tv,52386b42fbb2d3227ced7338362f1880211b0a4fc87c48bee779c4b364774807,China,2017-02-09T05:10:34Z,55032 Cody Alley
165,Arne,Lavrinov,Plus,82,Male,Other,alavrinov4k@constantcontact.com,1c7097837eaed4f24ceed143ce77029c026a46b6d5dd794b968b3387a95d8fba,France,2018-10-19T18:29:16Z,4 Pine View Center
166,Zia,Patise,Plus,113,Female,Other,zpatise4l@oaic.gov.au,f7093fdb180d01cded4210111805e60ad4e7af6631acc65b11577001aced5ace,Philippines,2018-09-10T21:01:48Z,1344 Buhler Park
167,Merissa,Fergyson,Free,42,Female,Mac,mfergyson4m@psu.edu,ec536918d7a76d47436a1ba1883cd47998fe2e6e08a4844c0e2d92e8964eb1c8,Portugal,2021-04-15T20:17:37Z,867 Corscot Place
168,Terri,McTeague,Plus,31,Male,Android,tmcteague4n@howstuffworks.com,0ef790f9f70bedcf858ae501412bb505d6ec3229181a6a9df46afb1abc5dca43,Sweden,2016-03-19T07:12:42Z,6 Columbus Point
169,Maura,Rainey,Plus,73,Female,Mac,mrainey4o@businesswire.com,179957bceee71eab829c70b0e5e8d3f3e95e71b9593cbf9bff865c5eb4131ef9,Bangladesh,2016-04-09T19:30:37Z,17 Fieldstone Road
170,Carmelia,Slator,Free,74,Female,Linux,cslator4p@youtu.be,db70823eb94841c840122b10ebc22ac242f751c9a1b2bf8cf55c892edcdc4629,Poland,2015-03-16T19:12:52Z,11 Sunnyside Place
171,Mack,Sorro,Free,16,Male,Windows,msorro4q@altervista.org,ea181cea344ceb355327b256d5cfd7f6609b31e5e026adb8c9a4850baf26b74d,Colombia,2018-07-26T21:30:49Z,8 Reindahl Street
172,Ibrahim,Thyng,Free,82,Male,Windows,ithyng4r@icio.us,f8f6ea29992d8b438effacd606b6417446e91261e7b3f05b29895654965167f5,Poland,2019-03-19T02:03:28Z,26798 Quincy Road
173,Em,Capsey,Free,58,Male,Linux,ecapsey4s@abc.net.au,1b997e84e938ed2c23eb7792ae13efb3e35a199698c2d92a1a494defbb4c0b7c,Canada,2015-11-06T04:30:19Z,70 Merrick Circle
174,Morgana,Jovis,Free,63,Female,Linux,mjovis4t@xinhuanet.com,1269f9c5f2ddd58fca603ee2bc9cb582d6aa37bd9bc6ac88d2e2d021d9410def,China,2017-04-16T08:16:05Z,262 Thackeray Plaza
175,Jedidiah,O'Shavlan,Free,42,Male,Linux,joshavlan4u@hugedomains.com,74a9cd105fa17065997b126bd0840dac92dfa7363f5ac733acfe5f04b05aa97a,Indonesia,2015-08-17T02:16:07Z,2 Tony Park
176,Bernard,Rosebotham,Free,31,Male,Android,brosebotham4v@diigo.com,3d9ad820064264d12b34d7f73b447f0eca8a29c87c2e418a6d2d5825bf255f1b,Cameroon,2021-07-04T14:28:33Z,167 Mockingbird Trail
177,Cullin,Allenson,Free,14,Male,Android,callenson4w@t-online.de,47ea7cb082f69ec4e7c9c5bcc35313bc699262d3273f6ddb979379d71b8b189c,Brazil,2023-02-20T12:03:26Z,63 Coolidge Place
178,Jeanie,Morhall,Plus,20,Polygender,Mac,jmorhall4x@msn.com,1f32ae7cd1668078f9da3436187826b5ee78fa8f70419cb888f2f62160083f5c,Brazil,2013-04-30T05:00:53Z,44486 Hoepker Lane
179,Brittney,Chaunce,Plus,106,Female,Linux,bchaunce4y@irs.gov,3d2e8274b5505179f2807d9f0ded8a73f58f139ae10fbe2757efb1b677d6ed1a,China,2013-05-13T05:05:14Z,07 Jenifer Street
180,Cacilie,Ace,Plus,112,Female,Mac,cace4z@google.com,73961ce8841ad269b8e8e97ea34e4cdd2d90436486c0c8273014d723a7e3dbe9,Colombia,2014-09-15T02:43:24Z,4598 Southridge Parkway
181,Marnia,Blundan,Plus,93,Female,Mac,mblundan50@japanpost.jp,b9d1a8761e52c2797d498277b0d89509f152bcdc5c8c7cfb4aeaed261c5f3432,Yemen,2018-06-03T16:01:41Z,9 Pleasure Way
182,Marthena,Szabo,Free,111,Female,Linux,mszabo51@storify.com,b64a1112262f7aa524aeade5c9ae3a64a40602ede1f5ac56374f8a69076f4636,Estonia,2013-12-14T18:39:53Z,3390 Roxbury Drive
183,Arabelle,Arrol,Plus,95,Female,Ios,aarrol52@scribd.com,6f92aad16ad9eba382dbde6a8a15f9b135b37d4540de5bf2842c85e3b82c2c67,,2013-10-02T03:04:07Z,8878 Heath Junction
184,Loralie,Lloyd-Williams,Plus,89,Female,Ios,llloydwilliams53@example.com,5da3dc264b5a014c1c09bd10ec0faf63f6fa4964165c127bdcced0ae7d11c6aa,Indonesia,2022-04-14T09:26:02Z,0994 1st Plaza
185,Schuyler,Counihan,Plus,63,Male,Windows,scounihan54@topsy.com,023ef63776c53548e6a88264d8ab6efbd30a21b146c7a40e0a7ec1b08ed3679e,Russia,2022-09-04T07:56:56Z,2963 Morrow Avenue
186,Trever,Outibridge,Plus,59,Male,Linux,toutibridge55@studiopress.com,a2803289bcc188b1e68415136cf45ca590b94a15b1a65e9f368cdd8d64a680f5,China,2020-02-22T10:27:22Z,87 Ridgeview Trail
187,Talyah,Souness,Plus,75,Female,Mac,tsouness56@ameblo.jp,5b59c2b521b276b3944c12049cf7db2256fe542a2801a12367b180f99d39ff2d,France,2014-02-28T03:45:57Z,897 Lukken Avenue
188,Hunfredo,Redd,Free,56,Genderfluid,Other,hredd57@chronoengine.com,10b66bca131501e04e76a3a364411144f4b967694f1c975e7036ca859fcbd46a,Brazil,2017-08-21T17:02:42Z,80433 Clemons Crossing
189,Millisent,Larsen,Plus,119,Female,Linux,mlarsen58@theglobeandmail.com,e4cf23d610c65a8d359c4fe67f432969c5c1289c6f4224eac515cf4acbf5cb0e,China,2018-04-22T09:40:42Z,25 Cody Way
190,Blondell,Reay,Plus,37,Female,Ios,breay59@examiner.com,f53b6eeb0d9dd80192eb70387f0bf8d7c277fed4f7a22dedfe33e87dfb09acf3,Mexico,2021-01-31T20:17:56Z,670 Susan Center
191,Colene,LeEstut,Free,32,Female,Linux,cleestut5a@upenn.edu,7e25565fdcabd6d6510bb9f66cda998a3891c738856c24f074adb082187a6871,Philippines,2020-11-23T02:04:39Z,29590 Mccormick Avenue
192,Maureen,Kerner,Free,50,Female,Other,mkerner5b@diigo.com,df000030f61a8b9bcf3ec386e9e8edef3dfdad3509a39521e8a2f3ba507e2845,China,2017-10-05T08:11:01Z,9488 Jay Street
193,Greg,Di Roberto,Free,13,Male,Mac,gdiroberto5c@etsy.com,3907ccbdb67216596fadff3fa40d92cd6d318bad2e4b65baca93c84fd10dd99f,China,2022-10-11T19:26:21Z,5 Prairie Rose Lane
194,Stefanie,Lewerenz,Plus,81,Non-binary,Android,slewerenz5d@eepurl.com,4df82b4d5a3ab90fae86e65a012cbe95ea3473fb1f4ce8985d672158ff539323,Sweden,2016-07-22T06:58:00Z,825 Memorial Junction
195,Moina,Ferrer,Free,47,Female,Mac,mferrer5e@mit.edu,383579a6e4d41d7a3167c2b331e48329725dd2ee555ab033ba225258cf87f313,Russia,2015-12-03T00:17:03Z,114 Fairfield Hill
196,Shina,Dance,Plus,103,Female,Linux,sdance5f@springer.com,e0811a471a17a14a70fa956c20d28a8f61c3b7a3e405e225e1db0530229b731d,Poland,2017-11-23T10:43:41Z,218 Autumn Leaf Park
197,Rickard,Sahnow,Free,67,Male,Mac,rsahnow5g@e-recht24.de,f9d6fffe5dfe27c956ec702aab98917f796c3e071e2fefb4f7f16d32dd4a3f5e,Serbia,2014-02-02T08:17:37Z,08819 Milwaukee Point
198,Lamond,Diviny,Plus,34,Non-binary,Other,ldiviny5h@accuweather.com,37f532bd3391b20fc6773d4a4ff0c5b3b7b5b65785977f122df35d6fbf6cff05,Poland,2022-01-19T05:55:36Z,49 Cascade Plaza
199,Philis,Daughtry,Plus,64,Female,Ios,pdaughtry5i@trellian.com,110b3b680a0a7ac9211f390448f9ea289ea5e89029cf9f40bdc694c7828f8668,Gambia,2013-05-19T06:39:56Z,5 1st Alley
200,Hasheem,Spilling,Plus,75,Male,Mac,hspilling5j@google.com,4330c9b56be7cf8f66137b7a99bec824abf5aa6da36a8e6f29ce72d6e4cb2d48,United States,2017-06-17T02:29:48Z,92 Schlimgen Hill
201,Mort,Littlemore,Free,66,Male,Linux,mlittlemore5k@go.com,5eabc919ce8ab5a92d1beb78151ffe6e5d5243ef3dbbfdee40b57fbe7ab98df7,Philippines,2019-04-14T20:31:36Z,04331 Kedzie Plaza
202,Saunderson,Grunnill,Plus,32,Male,Windows,sgrunnill5l@fastcompany.com,6085c65dba85bea6703fcf42cc1d54c5504b97436a59e52cd240a4df138bba01,Lithuania,2018-09-07T08:08:42Z,65 Union Terrace
203,Lucian,Adamides,Plus,91,Male,Linux,ladamides5m@telegraph.co.uk,e3afb9752ded2372218bca2073a03d9fea50942098370907b89a0d896ed6ec5b,Russia,2021-10-05T18:30:24Z,69 Birchwood Circle
204,Dan,Rudolph,Free,86,Male,Other,drudolph5n@sourceforge.net,f0acf4f6fe83fbaa3cca0098f67090d45439a03e33964e878d56bbc871647628,Czech Republic,2018-07-19T21:30:23Z,70 Annamark Street
205,Gav,Thing,Free,107,Male,Other,gthing5o@ning.com,6c768d6d6fa66edcd09d70ca39c1dead4a06caaf5095224354c07f203eb496e9,Cameroon,2014-03-20T10:17:05Z,42 Fisk Drive
206,Lutero,Rosenboim,Free,90,Male,Other,lrosenboim5p@plala.or.jp,b3c43423dc3d89d91ccd8a1821e3dbdfe76a83b3f6a504a95f4905a855b2f2ce,China,2016-03-14T08:38:40Z,235 Schiller Parkway
207,Marcus,Doumer,Free,42,Non-binary,Mac,mdoumer5q@guardian.co.uk,b8208295630c1683a025c6e9320142d96e4fcf8c853420a48fde33415944f371,Bangladesh,2021-03-07T11:22:20Z,4834 Sullivan Junction
208,Maxy,McGreary,Plus,69,Male,Ios,mmcgreary5r@google.co.uk,a8f946ad526309d1a2ee768b50f2400f71100aec4826133c16e7b57008fa7678,Poland,2014-08-25T18:40:26Z,28921 Linden Avenue
209,Jeffy,Garlicke,Plus,68,Male,Mac,jgarlicke5s@cdbaby.com,81b588093bd5d5e923ef41bd005e74a5c2d058c0bef6b927fe48191e81609beb,British Virgin Islands,2016-05-25T02:16:22Z,4251 Morrow Circle
210,Rutter,Tzarkov,Plus,103,Male,Linux,rtzarkov5t@icq.com,daa1e6f6ba622bf19aa587e214b3565e8f1e3f4619d5b71f605e1d405b970457,Serbia,2016-02-14T17:59:44Z,01 Maple Wood Crossing
211,Idell,Dackombe,Plus,88,Female,Other,idackombe5u@china.com.cn,190931a0d3b795e1aa8f537ffe9893f52e4c2a16fb33f090d2177be97c84f5f8,Brazil,2023-01-14T18:41:05Z,3835 Vera Park
212,Suellen,Ionnidis,Free,43,Female,Windows,sionnidis5v@qq.com,a980e16593c1e31efd3928a4d30e9c79fdd7cdf03ff400766c4631359ac84002,Indonesia,2016-03-29T00:24:12Z,4595 Forest Dale Street
213,Barbe,Stickings,Free,31,Female,Windows,bstickings5w@smugmug.com,a59d21328f98d782ae1bcadd9e238d8230c7baa6cdeb48c7b49eeb45b6286c59,China,2019-10-19T10:36:49Z,64 Talmadge Trail
214,Nerta,Lease,Free,31,Genderqueer,Android,nlease5x@slideshare.net,587393b1c6b9b0f7f46625a27c2fe97c733710022956ae56fc18b98a8cbe07ef,China,2021-05-13T06:16:03Z,2 International Terrace
215,Reagan,Trevan,Free,66,Male,Mac,rtrevan5y@smh.com.au,eac6b6863d6da2507ecdc71b366fdf6b7edd8a4d5529c13f204417d483d55778,Portugal,2013-05-01T21:48:33Z,289 Emmet Terrace
216,Vinita,Monan,Free,95,Female,Windows,vmonan5z@marketwatch.com,6e03fcc51c439cb4e83863fcf912ba655453ce19d8914cab565e6719a745e0ba,Pakistan,2014-03-04T09:48:07Z,7901 Amoth Road
217,Orazio,Vaughn,Free,80,Male,Linux,ovaughn60@vinaora.com,bdd20b110c020dc9fdd0dfab34ac4d1b29e8fe26be5ac8357969f6f964e1e127,Indonesia,2020-12-13T12:35:34Z,96978 Barby Way
218,Otes,Wolfenden,Plus,74,Male,Android,owolfenden61@pcworld.com,7f34fa603a223b948d9472cb0f923efe51e6bb210a7c1e91167f98191c658e7e,Angola,2020-06-04T16:48:06Z,77 Prairieview Trail
219,Adelle,Oldcote,Free,98,Female,Other,aoldcote62@census.gov,cc53b635f77b3a1e6c448928f1622db788d72dd6bc96b9344f409d69a8871551,China,2022-06-23T15:10:06Z,56 Everett Alley
220,Angelica,Vallentine,Free,98,Female,Android,avallentine63@globo.com,b82d53f98df204f34a825ca27656f9a7487c2f1f68c7b2cb8785c4808527363d,Indonesia,2016-02-16T20:29:43Z,717 Pennsylvania Terrace
221,Ashlin,Yankishin,Plus,95,Male,Other,ayankishin64@alibaba.com,f597d013b065a0c551ef7395d5db17ad2d0b558fa7896bb064920bbee72d7324,Japan,2014-01-30T14:32:10Z,671 Meadow Vale Street
222,Dino,Llorente,Plus,14,Male,Mac,dllorente65@vk.com,71072393e65e8f60571fbc95ec4cb05cf80fea2f5ade832097c4b1c8ce5af604,Greece,2015-04-19T06:18:53Z,8 Corry Drive
223,Selene,Buckett,Free,40,Female,Linux,sbuckett66@addthis.com,762abc33d0a1e31c8f1062f66b26f5a965715ad3f32edf0e6f088e3f826aa861,China,2021-05-17T06:39:07Z,02 Calypso Drive
224,Nessi,Sirkett,Free,29,Female,Android,nsirkett67@example.com,e7b07f64e6169dd2bb789727094b156f1e3e7761db94a9254730f2624fc7c6df,Bolivia,2021-05-03T01:40:12Z,70657 School Trail
225,Caryl,Jahndel,Plus,117,Bigender,Windows,cjahndel68@nyu.edu,5dfe39ff0792c03605ca855129d04105684ea8ebe90b58d79882151b07c2456d,South Korea,2017-12-03T15:17:21Z,151 Elmside Point
226,Annabela,Petigrew,Free,45,Female,Windows,apetigrew69@craigslist.org,e14cffc8e4c8d65a1c9063fd0b386d8064d19f9007cb9d7df34791181e6cea35,China,2013-06-16T18:09:54Z,29330 Basil Pass
227,Ellary,Stuehmeyer,Plus,29,Male,Mac,estuehmeyer6a@ovh.net,378fa094ea01799d8f68c7f959d0f0d9c14d404f4cbaf22954149b2d839e1f71,Albania,2022-07-31T21:57:17Z,7487 Spaight Alley
228,Jone,Serck,Plus,29,Non-binary,Windows,jserck6b@youtube.com,241f200819d595d3d5429654f402f1e7ce3fba6f901003b458e123baa177406c,Yemen,2022-10-03T22:07:52Z,44 West Trail
229,Shandra,Haddock,Plus,63,Female,Other,shaddock6c@studiopress.com,f12be1ad32c0d3e3ab4e59f4cf8e744268ff91747f6aea125c518cd04ebfbcae,China,2019-09-27T14:52:58Z,82457 Warner Point
230,Ardisj,Newiss,Plus,88,Genderfluid,Ios,anewiss6d@prnewswire.com,fa38456b9684fb7fca584b6f0e0345ad05755461802c88a237b32d539cd1d605,Ukraine,2022-04-18T09:17:22Z,78 Kedzie Trail
231,Desiri,Widdall,Plus,81,Female,Mac,dwiddall6e@angelfire.com,aac8bf7aecc22d26fea0a40e4a8b49b1e5e29856ef646a9c2524b61761742da4,Sweden,2013-06-14T20:47:43Z,4 Memorial Way
232,Gelya,Brosnan,Plus,55,Female,Android,gbrosnan6f@homestead.com,96e4c5b2a4214c166bbcd76d857cd619cf4c5850c1aa0add75fe7b2f9a201086,United States,2019-09-25T00:00:08Z,0675 Hansons Place
233,Lyndsay,Solley,Free,95,Female,Mac,lsolley6g@google.com.hk,ddee61b513163073939f2e7f22a8194e543a1d8cf52b25896a4319e88e0218f3,Madagascar,2016-08-10T00:58:08Z,9166 Ridge Oak Place
234,Hilda,Gurry,Free,24,Female,Other,hgurry6h@epa.gov,8b5b0fb0520c50412a96b0d547da8fbb9a44e7be954b62079a1e6ee7587a04e9,China,2022-11-07T14:55:44Z,063 Norway Maple Alley
235,Gerda,Littley,Plus,36,Female,Other,glittley6i@slashdot.org,144f37634864cd6e636c9c041e5ccbf35cbc80b6120b85112f5d41061cba37ae,China,2014-05-11T13:18:32Z,9236 Crescent Oaks Road
236,Theadora,Puller,Plus,65,Female,Android,tpuller6j@hao123.com,477ecbb3d901ebef868554518e318a2f51778f48d064fff82a494c1958e1c649,China,2016-04-14T11:20:15Z,2 Grasskamp Center
237,Ugo,Cruikshanks,Free,115,Agender,Windows,ucruikshanks6k@springer.com,b8ff6f40e993c16885d5534934af00427e15a0722694ec68e3d263db184d6021,Argentina,2013-06-18T07:26:44Z,2740 Fulton Park
238,Melly,Habard,Plus,78,Female,Other,mhabard6l@arizona.edu,637ed47fb13dbf189a260373cb424c668518e1a8e006f11fc02c4545177fb39b,Indonesia,2019-01-14T03:45:19Z,754 Sugar Alley
239,Elisha,Lerohan,Plus,29,Female,Other,elerohan6m@sciencedirect.com,0310a7530353da733adc3f3ba17d42a135544eb6e4b2119008c3a593676606e8,Russia,2019-10-16T19:24:26Z,4220 5th Drive
240,Roger,Kelmere,Free,108,Male,Android,rkelmere6n@utexas.edu,588cd8c254251870b3840746555b32b081cf1b9dd4c7247f705b7657e6ead576,Russia,2021-04-21T13:00:30Z,997 Moose Court
241,Vaughn,Rimell,Free,34,Male,Linux,vrimell6o@github.io,0d5eb0f3d5931846cadbb12adbfe2c6e8b3835d052ce018cff5bfe0afcf0e347,China,2019-09-25T17:40:06Z,591 Hanson Crossing
242,Harmon,Holby,Free,72,Male,Android,hholby6p@nih.gov,dd4766d1bd1dd9bb05a0f6dfc1ab3183f50b3cae20fa6326b70aff9937572e9e,Vietnam,2016-05-05T19:47:08Z,09306 Sunbrook Pass
243,Julee,Cabbell,Plus,16,Female,Ios,jcabbell6q@who.int,0ef07e23938828e96c13c88846829a9f7049cfec1b2f1074103d3d7676e87df2,Honduras,2021-12-02T19:58:37Z,7 Spaight Circle
244,Meir,Fallis,Free,27,Male,Windows,mfallis6r@house.gov,6e962c6859b5264ee96649164fb0c6de46e799dee01acf900725ae4bf35ea784,United States,2014-07-08T21:01:01Z,4 Blackbird Road
245,Pammie,Pont,Free,16,Female,Android,ppont6s@howstuffworks.com,ee7a235e4f2c581f2ab2fcbeb38c64eadecc3d5ee9e021fc4fc93af1f924f861,Colombia,2021-01-18T08:37:47Z,3 Kinsman Junction
246,Herbie,Pelman,Plus,58,Male,Android,hpelman6t@opensource.org,362b66b456ffc678f7e7fb78dca0edc400399970aaaf61dc3f487b9198757c62,Lithuania,2019-09-25T22:51:49Z,78075 Lakeland Circle
247,Marla,Skermer,Free,106,Female,Android,mskermer6u@bandcamp.com,099bdb382b7f49adf71d98e4e1f3d0d3fd5c38ea0fb4a72c6132b2cdc8069ffc,Philippines,2021-12-22T23:16:41Z,91578 Loeprich Center
248,Claiborne,Hurran,Free,119,Male,Other,churran6v@com.com,6041a6380e952958ce28f203fb7bd862eeb2c66c337aea6463d5602185c7e149,Indonesia,2014-05-14T18:24:27Z,85068 Mallory Center
249,Mahala,O'Regan,Plus,20,Female,Mac,moregan6w@dagondesign.com,6769a466df3fcc32379672699e86b68cc7c010bd5b1aabbe6bea9cd8f9a12c92,Bulgaria,2022-10-12T11:09:55Z,3354 Sullivan Crossing
250,Gan,Colthurst,Plus,117,Non-binary,Other,gcolthurst6x@hibu.com,9b3627429d183730b2b49035f1a0aa40d592c1c51d616f935e6268d5817e0fa0,China,2020-03-18T12:53:27Z,1520 West Center
251,Mari,McGinlay,Free,41,Female,Android,mmcginlay6y@chicagotribune.com,61490b3762cebde9dfc21d4f406e8aa179dce80c8eeaa34e0ecbe8cc912022de,Philippines,2018-06-14T06:13:12Z,43 Kipling Plaza
252,Hinze,Faich,Free,90,Male,Ios,hfaich6z@scribd.com,a6774ad92add4af31ee9c202a70b2870c784e78c6f4bcd60dcfeb4b39b023838,Philippines,2021-10-02T21:18:32Z,8 Village Park
253,Garik,O'Duane,Free,43,Male,Mac,goduane70@salon.com,e9327d758f7e387afa5c119b7f28c97f8fd7ab34c8bf067bd1cdbce9d936eaa1,Azerbaijan,2022-01-28T18:12:02Z,91 Cascade Point
254,Cointon,Siddens,Plus,48,Male,Android,csiddens71@pen.io,a0211103e7b4044fe4125519db3878e5adc8c17b07dfa88dd26b5a10077445da,Burkina Faso,2021-05-26T07:56:45Z,5327 Kedzie Junction
255,Kala,Phippard,Plus,107,Female,Other,kphippard72@newsvine.com,f83c1cb56087e4081350ded51e29c59c13ee421c6874b105066d6246df4a857c,Sweden,2021-11-30T23:12:13Z,1975 Alpine Drive
256,Risa,Steljes,Free,77,Female,Windows,rsteljes73@hhs.gov,0fdfe8aa137825aa63fe5c4856eaed0bae4a7825cbaf9bbd74cb289cda2f41f0,Argentina,2013-08-18T11:35:01Z,966 Susan Plaza
257,Elysia,McCord,Free,36,Female,Linux,emccord74@blogs.com,aabea6a2df0695dab19409d9b0b6cf389f7a4711a9f0bca7346aca120363f7ed,Poland,2014-10-29T17:25:24Z,41051 Spohn Avenue
258,Constance,Hartless,Free,29,Female,Windows,chartless75@linkedin.com,48b2233e44da35fae8cbb1aa64e028efcd4090061dd4b550d42f1ed9f31bae28,Canada,2014-11-13T23:34:33Z,1080 Debra Circle
259,Alfred,Botly,Free,27,Male,Linux,abotly76@flavors.me,755776d69b2c6331016aca5cec4da5acaa294d067736c252226f6fcadc0166ab,China,2014-10-15T14:27:17Z,5451 Union Court
260,Skippie,Farries,Free,29,Male,Windows,sfarries77@europa.eu,09a88ed08739785a251d64cd291853030c5fcfff98f2fb6ca080c0dabc08e289,Russia,2014-06-13T16:03:39Z,0436 Fair Oaks Court
261,Nickola,Ormiston,Plus,38,Male,Android,normiston78@vinaora.com,6a009b10db96a092f2a8d6478ef473e48c7d8ac40935547ff17f4a357bf54e05,Nigeria,2021-07-12T18:12:44Z,04 Forster Trail
262,Currie,Doyley,Plus,92,Male,Windows,cdoyley79@tripadvisor.com,080a07ca75d2466e9c16a82896a52c55018192a603e944aa1a4e185b0d699acd,Guatemala,2022-10-23T00:23:57Z,253 Bashford Road
263,Maxie,Leith,Plus,113,Male,Windows,mleith7a@myspace.com,c745c44c1f878545a490bb284ee5911360915f596b3aaaf62e6a5493cf601b77,Thailand,2015-09-08T06:06:24Z,98303 Melrose Park
264,Meir,Dickin,Free,44,Male,Ios,mdickin7b@vimeo.com,d8236d6d5c0d76796d5dcd12eb6f7af73d386def4c7b0897c1b2a30b91c01611,Bangladesh,2019-09-05T10:51:03Z,868 Gerald Circle
265,Davy,Seiter,Free,70,Male,Other,dseiter7c@wikimedia.org,576e9a8a40c799933501b0bf33ea7e1a5400f3f778307f37d7cd82332cefd0bc,Russia,2020-02-14T06:35:17Z,51 Continental Trail
266,Araldo,Frobisher,Free,110,Male,Linux,afrobisher7d@quantcast.com,6ac17f6c38df7735b00dc0f6990edec40ea82f09e4d37f5364098479d818a171,China,2016-08-14T03:04:46Z,12080 Myrtle Point
267,Franny,Bramble,Plus,44,Male,Windows,fbramble7e@baidu.com,cc502b994ee9ab74b12bf8e0e92a3f818fc00acb7217909ebc4d394b52481254,Tunisia,2017-08-17T16:05:32Z,95013 Pond Park
268,Hermina,Bruckenthal,Plus,64,Female,Ios,hbruckenthal7f@mac.com,43881c03b7aeac793f32410045dcc71f31492f490eb69f51e3141c11201c6c18,Philippines,2020-09-23T10:23:30Z,2894 Hermina Hill
269,Elke,Cubbinelli,Free,46,Female,Android,ecubbinelli7g@tinyurl.com,62a2c4f8841daeee8deb558aecdf31d3a6bfa61bf349e01a054b0c2188e8ba48,Chile,2016-06-15T16:54:16Z,2652 Packers Alley
270,Johannes,Lafee,Plus,56,Male,Ios,jlafee7h@xrea.com,acf7749bb4e02bd0713ad5e33586e00c756fdce70579c35154451d55938d6558,Russia,2020-04-25T15:12:41Z,54010 Forest Run Road
271,Derril,Bleackley,Plus,17,Male,Ios,dbleackley7i@themeforest.net,a22f90959bdbe8d993d55fc1665124314e68faf3b8728348cb6902eef50ff974,Philippines,2015-09-16T10:59:08Z,582 Messerschmidt Parkway
272,Lynde,Lawrenceson,Plus,23,Female,Other,llawrenceson7j@mediafire.com,4aef5b976bf68a4db736fdccef3be2b89ebebe20258c564029cda708ca762eab,Indonesia,2013-12-09T19:25:50Z,93 Waywood Drive
273,Nils,Langer,Free,77,Male,Android,nlanger7k@ifeng.com,bc7d8237420f49d79846a8270427a5ccee04846e44f69b291523a2f0d27bc77b,China,2021-12-21T22:39:17Z,6260 Buhler Center
274,Delainey,Drowsfield,Free,22,Male,Mac,ddrowsfield7l@google.com.au,b2281fe847901ca78c15dd5af99054fcb4c8ef3b5ebb8efeb8f86f04117a427b,Brazil,2018-08-04T04:22:55Z,94361 Nancy Avenue
275,Nikolas,Weale,Free,61,Male,Android,nweale7m@statcounter.com,3b0fd34251c060bc9cd4c4ce8aeed2aa9e90515f342b690fd0de8f31bfbd2ba0,Russia,2015-05-28T03:42:52Z,14811 Kim Way
276,Baird,Echallier,Free,108,Male,Other,bechallier7n@smh.com.au,c6652ab84fabd24b66e46dc63b8c3963e6783ad5b38fff934b58dbb61bd6f208,Canada,2019-07-06T01:06:32Z,60 High Crossing Terrace
277,Arlinda,Huxter,Plus,92,Female,Linux,ahuxter7o@goo.ne.jp,010b62ffeb65338dde6f757d1422820ec5780852bdfebd779fb3431f23e7a925,China,2021-09-10T10:31:26Z,62 Village Avenue
278,Lynna,Coppock.,Free,120,Female,Other,lcoppock7p@seattletimes.com,bf74de8da9f7a6854a876de93222a0a9123d58aca861ba74995550d1663e9c87,China,2014-12-19T22:59:04Z,530 Kensington Hill
279,Peder,Thurske,Plus,45,Male,Other,pthurske7q@wikispaces.com,80be9596965f193e0d1a1cbeff9b589d84abf11db87c06e2a0d60a7eab94dcc8,Morocco,2015-09-16T08:43:23Z,25916 Tennessee Terrace
280,Pru,Edwinson,Free,56,Female,Ios,pedwinson7r@netvibes.com,b7c3a5d00d1fc5c73ecc35257e526f6031094ab21000248e9578c97cf69d55a9,Peru,2013-12-05T03:45:51Z,944 Heffernan Plaza
281,Abbe,Huyche,Plus,69,Male,Linux,ahuyche7s@amazon.com,5ad46f97e044b026704c75ca70afc1d45d00a1ed57c017a1b4e18225a0f76e62,Ukraine,2015-06-11T15:35:19Z,8 Packers Pass
282,Kelbee,Muckart,Plus,24,Male,Windows,kmuckart7t@ed.gov,ca1799e1284fdf46f625fc97c3b2a74f68b90edbb872c1e6eac3c20b738a2739,Mexico,2015-01-23T07:44:37Z,4 Grasskamp Parkway
283,Staci,Lowfill,Plus,87,Female,Linux,slowfill7u@prlog.org,1457b7e631a731ca5c893c1ad48aef80008747a765d55bcf096ac30de3747992,Argentina,2022-10-23T01:15:46Z,706 Rutledge Point
284,Patton,Sherland,Plus,32,Male,Mac,psherland7v@blogspot.com,0698a259f5314a2bb930c9b7d5733120256fadb54199f7747342275b71776a1c,Greece,2018-07-03T23:34:35Z,819 Pennsylvania Avenue
285,Cristy,Bonifacio,Plus,53,Female,Android,cbonifacio7w@homestead.com,d1b2c29f7319b45568d76bedc2eae9938ff4943d4e473c4afe1aca249f916f51,Greece,2014-07-10T19:50:35Z,4 Moland Alley
286,Lanny,McAllaster,Plus,51,Male,Other,lmcallaster7x@dell.com,a022bb6b9ad64492e2e88094e5a2b8a0cfb10c29d6b608567b66d168e9975182,Greece,2014-10-14T11:25:24Z,05 Mendota Court
287,Garland,Goodliff,Plus,92,Female,Linux,ggoodliff7y@apache.org,62d338f2fb6a8191b4b485290a6f6a5dbebc67c12f9a2ef0d960f350ace6ed5f,Afghanistan,2016-02-27T06:48:37Z,249 Haas Junction
288,Andros,Doree,Free,68,Male,Other,adoree7z@w3.org,d6393a55d305414f5acff3d0c3c2e22c27b8c8d71d725ebcf7770aed702eb399,Bangladesh,2022-03-26T21:06:33Z,25623 Rowland Pass
289,Arte,Saffrin,Free,95,Male,Windows,asaffrin80@npr.org,4098d6f3c22a12b1db20eedf71572ff0c194a79b4bf9e6dd59514710e2135b9f,Moldova,2015-05-16T07:33:37Z,9 Gale Drive
290,Pryce,Rosenblath,Plus,89,Male,Mac,prosenblath81@omniture.com,0473595692f6eeb0ea5340681ff4b5375581d588cb2fd49c728868122e3ec1c6,China,2014-03-19T16:46:43Z,672 Forster Center
291,Janine,Dilworth,Plus,95,Female,Mac,jdilworth82@purevolume.com,d0d4257adc3abf3311218fc1ecdf6ea8b60c602f25fc80f9c3ce7edb26bdaf77,,2022-01-05T13:31:19Z,6315 Vernon Circle
292,Adolf,Barnish,Plus,37,Male,Ios,abarnish83@google.com,8159fe4a8066ee77f6902736c64abe360ccb01d5550db6c180b6d5e8567a52ae,Myanmar,2015-10-12T17:46:41Z,8 Stuart Park
293,Zaccaria,Dornin,Free,22,Male,Mac,zdornin84@elpais.com,05298475165df076e5fa0ddca402bf517bd512bc754131a86543556562c09ce0,Indonesia,2020-12-19T02:01:50Z,8421 Carberry Road
294,Abel,Totman,Free,75,Male,Windows,atotman85@independent.co.uk,bece4127a38dc8fb70a9c98019b13df26fe1144c195c9c8ad270747ddb994a41,France,2021-02-20T19:46:44Z,87198 Bay Drive
295,Donalt,Scotfurth,Free,93,Male,Mac,dscotfurth86@washington.edu,afacff1bb55519ac010d725920cb483155979f8d352806fcd198b2b43b9e8b89,Vietnam,2018-11-13T22:45:32Z,28 New Castle Center
296,Tildie,Fillis,Free,112,Female,Mac,tfillis87@blogs.com,d6870d30da0ad6270b532361e3cf954a595e6d19e03827125f2a9251f095d877,China,2014-07-15T21:42:47Z,825 Cambridge Terrace
297,Celina,Murr,Plus,49,Female,Android,cmurr88@discuz.net,764d3cafd33e40606d46fa3f54ece4743b8e39c8fd2363e69ae7dc36958d822e,Indonesia,2021-04-21T18:24:25Z,4 Sachs Alley
298,Gibb,Feeny,Free,50,Male,Windows,gfeeny89@virginia.edu,e9a8c6aa984095e7ade1be60313ff41474012813a86cf41285b754c0b6abac6a,Malawi,2017-08-06T03:29:33Z,607 Anderson Lane
299,Kingsly,Laudham,Free,118,Male,Mac,klaudham8a@buzzfeed.com,7f27668a291cfd0da5d5997989221b6f22e070fd2bd277f30055cd31d0a49242,Luxembourg,2018-10-29T18:51:55Z,0280 Holmberg Crossing
300,Valaree,Ingon,Plus,91,Female,Android,vingon8b@phoca.cz,a695a14db0a9c3d969c435258b8855cd604f688bf16f8a6c652999d8b506c8e8,China,2013-03-22T01:46:43Z,7 Hooker Pass
301,Laurens,Dain,Free,103,Male,Other,ldain8c@meetup.com,86bb892b344b309f5d095189760c4995d0e0e56b0934786b97824f9c12de6d5f,Panama,2016-07-31T01:52:22Z,6802 Roth Pass
302,Mollee,Oakenfield,Free,61,Female,Linux,moakenfield8d@dell.com,a9cc1866dc2ab4be144479825c434b1c8727b8ea358a0242103f07b3cd9e9b89,,2020-10-05T00:14:58Z,40992 Di Loreto Hill
303,Tasia,Rosenthaler,Free,85,Female,Other,trosenthaler8e@marriott.com,ec40153ff913ae7da1e000a7fb07963b3efb366c3e6554b7d1c8c5c7a3c85ed0,Poland,2022-02-12T12:10:44Z,293 Independence Way
304,Myrah,Danson,Plus,96,Genderfluid,Mac,mdanson8f@homestead.com,fba1a4f22a0256b0e7b4d59bdf5a84866d0249323683d4967dc43f980ae07c9e,Philippines,2022-03-09T05:34:34Z,924 Bobwhite Parkway
305,Evelyn,Bordessa,Plus,108,Female,Linux,ebordessa8g@google.cn,bb567dbb07d557278631f00ee53271a4ab4f9cfc1899c387dd6d7c2492eb1de8,Poland,2017-09-17T02:11:41Z,598 Grim Terrace
306,Nichols,Norrington,Free,49,Agender,Windows,nnorrington8h@gizmodo.com,1805e481e8bd7b95bdb86afe574848b8929aa5e3f669b531c3405981b82e71e6,China,2013-10-05T13:18:37Z,04 Marquette Avenue
307,Bertie,Barreau,Plus,111,Female,Other,bbarreau8i@webs.com,4452ec0379629db710ac95d89cddb4e499a2a7be634ef37a6bc4a2c8a8ed695b,Portugal,2023-01-20T15:02:16Z,66 West Terrace
308,Isabelita,Danbury,Free,40,Female,Ios,idanbury8j@google.es,fa032e0c212d07c8d54af864b7a3fc4ddda41f2ad34bef1b36fcae1fa4b0b02e,China,2013-05-26T22:20:23Z,77 Dahle Place
309,Jacques,Stickel,Free,62,Male,Other,jstickel8k@quantcast.com,41b669b918700b98bd13173fb87c4dbb310bf8afce0ba977446922af32793c1c,France,2022-01-28T13:53:35Z,1125 Garrison Trail
310,Valentine,Whistan,Free,39,Male,Mac,vwhistan8l@vk.com,28acc1417c5e1271420840322b4270499521e11b6b923718ac30336f02c1e399,Philippines,2019-04-18T19:35:06Z,6008 Talisman Pass
311,Reena,Pevsner,Free,99,Female,Android,rpevsner8m@yandex.ru,23f7c364107f09e32d7d06e0878936dcc61b451138496bb16f9440099fc6f43a,Russia,2016-05-08T11:29:14Z,2 Westport Junction
312,Rozamond,Pease,Plus,44,Female,Other,rpease8n@zimbio.com,144e9c90e5f7377a71cde8cc4038e1c0ee9e0479d5dbe6db6452f1a98c88a8c9,Indonesia,2013-04-26T09:10:13Z,9986 5th Park
313,Clem,Strotton,Plus,16,Male,Other,cstrotton8o@house.gov,8e4d0d354708b966df58c23cc7c67d61f732e1179b9921b3c60ef4fae141f1c0,China,2020-03-05T20:07:47Z,7 Golden Leaf Place
314,Maddy,Bogges,Plus,54,Male,Android,mbogges8p@guardian.co.uk,c5fe1b0df3bd92cd45c3ea34fe91d8ce242c108ad4d49b3d5e4cfaa3590664a3,Canada,2016-02-02T09:32:16Z,47558 Monterey Court
315,Klarika,M'Quharge,Plus,92,Female,Ios,kmquharge8q@hexun.com,13bfc821a384f90c549b89b3e8d2bbcfe06c8d0d4a29e4314871925101736b64,Russia,2018-05-11T23:36:16Z,62 Dennis Lane
316,Torrence,Swancock,Free,91,Male,Other,tswancock8r@statcounter.com,7d59d2d2b03cd81ea004b9ff4e708ebe1b045c6d70226695b119a1d97b0a1cf5,Indonesia,2014-09-27T10:55:18Z,26 Brickson Park Center
317,Glenda,Belfrage,Free,50,Female,Linux,gbelfrage8s@purevolume.com,3f151d7bd0e8e3a561b914e804784523948be22411c37e12e8185047c709563a,Brazil,2015-04-08T11:08:25Z,7 Cascade Street
318,Bennett,Mithon,Free,117,Male,Ios,bmithon8t@vimeo.com,8450b1e6d2735115a614dadb8f7435e900548b5d6e7260c9e0e64f45252afc21,,2021-10-09T20:58:40Z,7625 Homewood Terrace
319,Barr,Bertomeu,Plus,85,Male,Mac,bbertomeu8u@so-net.ne.jp,bf4f4734cb3103b6c1352a9979d4031e2d0314aeaa931f24e999f283dc0d6547,Mauritius,2014-11-17T02:41:19Z,3400 Marquette Circle
320,Tamiko,McCaughen,Free,105,Female,Windows,tmccaughen8v@topsy.com,5d9f69a9fbde2b4f41d2874049d36325f947796bb1784d58ad954c5a9d3775fe,Russia,2016-08-14T14:52:57Z,36813 Bellgrove Junction
321,Dame,Messingham,Plus,84,Male,Mac,dmessingham8w@illinois.edu,c9129b3351ac6aebdcf1e519c601fab28cdbbe59e98817162886e241090dcc05,Nigeria,2021-06-14T15:27:52Z,9 Commercial Court
322,Stillman,Mowett,Free,15,Male,Windows,smowett8x@bing.com,6bdf9026619cf7ff17e29487bff90dd1fccb89d4158972fe76cddec3fd0234d4,Canada,2015-01-05T18:51:10Z,67 Blackbird Parkway
323,Babbette,Radbone,Free,51,Female,Linux,bradbone8y@nsw.gov.au,5c53764c2820987b7a20cd591a204e2512c385d6d05bcf21cc29765101f9d240,Croatia,2021-08-11T12:50:15Z,19 Hooker Parkway
324,Winnie,Vanns,Free,102,Female,Mac,wvanns8z@trellian.com,6e997076823c3390962591d439a74115251e6c68603a401e18b899e2269f761a,France,2018-03-04T01:00:15Z,2072 Bartelt Pass
325,Gillian,Josskovitz,Free,87,Female,Linux,gjosskovitz90@csmonitor.com,bdaee7e66e8f16715e27c4ed000f6ec047e0ac51f973c43fa5e78430342098d2,China,2017-08-08T06:34:20Z,0069 Moulton Parkway
326,Emery,Chasen,Plus,56,Male,Android,echasen91@google.it,36ee77905872653d70bf3e46448352fdfad3f701bbc345a44280cc665bc36b42,China,2014-11-10T00:47:22Z,00 Dryden Hill
327,Chip,Tyce,Free,116,Male,Linux,ctyce92@washingtonpost.com,1d9946a4803ff0b7602d10de70e771f9086f6fcf682cb196ba6560fdae5770c8,China,2022-07-27T23:34:03Z,8 Nova Street
328,Benson,Mowne,Plus,106,Male,Ios,bmowne93@netlog.com,f3f1edd07aa54ca0627d9a76d16f8532a88ca9926a3e0f508f838f170a40056b,China,2022-04-20T15:41:19Z,7775 Jay Parkway
329,Caspar,Jindacek,Plus,83,Genderqueer,Windows,cjindacek94@amazonaws.com,9de21981bbe19b9c03d68eeec1585d9025e484ef0aa5449e548d5876f7ddbe51,Barbados,2014-08-28T05:21:51Z,7600 Roxbury Crossing
330,Christoper,Dukesbury,Plus,64,Bigender,Windows,cdukesbury95@chron.com,23c2269909ee75bd8c62b77e5df907b1864303e092fe1fcfa0cd5797256ca380,Poland,2018-09-30T12:22:47Z,0 Wayridge Pass
331,Yetty,Antonazzi,Plus,38,Female,Mac,yantonazzi96@weebly.com,27d5f8e861cc86417d69d62a05073d748480359110c84155593d824c91aea299,Bosnia and Herzegovina,2022-07-26T22:11:58Z,7 Magdeline Terrace
332,Ezekiel,Ellingham,Plus,93,Male,Mac,eellingham97@sohu.com,d7d7ea8b9c2117b668bd4ac329e1926b7fcc33d26b6edfefab4cd83a49951aec,China,2022-10-04T23:41:37Z,00 Hazelcrest Crossing
333,Sander,Revan,Free,50,Male,Other,srevan98@networksolutions.com,e507085d0998b55984910db6d657afb8cca9a47bc5db74ddcf46f9e728caf31b,China,2021-12-03T08:45:15Z,408 Ohio Plaza
334,Kristel,Shooter,Plus,116,Female,Ios,kshooter99@gravatar.com,bc2fbe5bf59018d53354df292b3c3789eb50a318274b57ffbc735e06753888ce,Bulgaria,2016-04-20T18:07:39Z,25311 Marcy Alley
335,Lucian,Roseborough,Plus,39,Male,Other,lroseborough9a@tumblr.com,c0c57ce2f9ff89fc15c94c23ec3b3c455950e6d12c2dd0e2f5a427a13a8000b1,China,2016-09-29T16:28:59Z,4 Crowley Park
336,Sully,Lyndon,Free,84,Male,Windows,slyndon9b@gravatar.com,af14f32252aa9fe280c4067982206c52b764220acf1552779bae05d90ee61249,Ukraine,2022-03-24T18:31:09Z,31614 Kenwood Trail
337,Whitney,Scripture,Free,51,Male,Mac,wscripture9c@flavors.me,02738821c0a7565cf3dfc9ec7ae59f4c43db0dd868880889e96bd6b03e4fbecf,France,2013-12-12T09:22:15Z,3125 Thackeray Crossing
338,Paula,Tattershall,Free,63,Genderqueer,Other,ptattershall9d@unesco.org,506ebc2e1131579368dd63c4f59a05674844053b19b37dbd29ce359113fddd12,Portugal,2013-07-06T09:44:49Z,76926 Hoffman Park
339,Dorree,Kobes,Free,113,Female,Ios,dkobes9e@phpbb.com,174bbe9e3303816e557cf5af69f3b79673535ce8daed234fff45049e7f9cf676,Vietnam,2019-05-29T06:33:42Z,624 Dixon Point
340,Bobbette,Birdfield,Free,52,Female,Windows,bbirdfield9f@geocities.jp,fb1c71ea36584b47d99a80a5a7735fec78a8eaf27574f38d50b43f7341521321,China,2022-09-10T19:14:09Z,1 Arrowood Road
341,Adolpho,Barrar,Free,119,Polygender,Other,abarrar9g@disqus.com,52986587885c29a4a4461857ba69b75e0032ed20ba09009b4959b933d122cfaf,France,2017-03-30T15:27:21Z,945 Truax Court
342,Carlene,Pettinger,Free,20,Female,Mac,cpettinger9h@newyorker.com,e31b228dabfd53b969c85a4497af0b6d2dceb4c60f8875c7f15e076988e1966a,Honduras,2021-12-08T00:10:20Z,76863 Bultman Point
343,Bibbie,Larkworthy,Plus,36,Female,Windows,blarkworthy9i@themeforest.net,53a54467d7299931bbc335e4f2afa0ea29962c3ce45ab87eb9ea5782af54da5e,Nicaragua,2020-05-18T20:23:00Z,0355 Fisk Lane
344,Charity,Orrick,Free,66,Female,Ios,corrick9j@hao123.com,c0f67a821588c05d230772c892b6ac5f8671082c42c09c27a7572a155c3abfc3,Martinique,2018-03-16T19:14:49Z,5 Spenser Plaza
345,Jasmin,Clethro,Plus,14,Female,Ios,jclethro9k@gmpg.org,52824fa48c0415c9e0a34cb708d6014711f6bcd26deabb58fd40d2b7b3db882c,China,2017-11-23T03:11:32Z,7647 Lawn Plaza
346,Humberto,Titchen,Plus,65,Male,Linux,htitchen9l@xing.com,a145870a9d3ee9cafb40a3648555393e711952fe03d17ccecdf9bda503e7cfd5,Indonesia,2019-03-11T03:03:52Z,88 Carioca Point
347,Clotilda,Alldre,Plus,12,Female,Android,calldre9m@free.fr,846269a4385f9af22d267acb79a6817c5013057a6ad87d44f6837b203ccfa803,Costa Rica,2018-07-15T20:35:04Z,646 Monument Point
348,Giuditta,Manville,Plus,119,Female,Mac,gmanville9n@dot.gov,7e1ece203d1c780a7594983291914e11ec8d83f87c57abdb1ce9643048868176,Germany,2020-12-22T22:56:45Z,347 Bluejay Drive
349,Amabelle,Edger,Plus,16,Female,Windows,aedger9o@blogs.com,353656d1813e9581ad65a2fff122b9476b268c83e01afa74abcdd5baf616d8e0,United States,2018-05-09T10:32:51Z,25 Springs Lane
350,Geoffrey,Eates,Plus,29,Male,Mac,geates9p@nps.gov,f9167f8c8af1def450a33cf7d5c3debc95618f6cb743d2c05d7fa13ab4c583e7,Ukraine,2015-07-24T10:24:01Z,62 Mariners Cove Street
351,Theodore,Jindracek,Free,20,Agender,Other,tjindracek9q@i2i.jp,01c1ecd8647d8ff89c4bb85ad46312c56130fa748e5c4563fb443c687d889dec,Argentina,2014-12-23T10:45:03Z,84 Brickson Park Court
352,Heddie,Nolder,Free,78,Female,Linux,hnolder9r@deviantart.com,750b27d311fa660798c74b536c240d1a4d036e31d2ce89bffe5dcacd31cca132,Brazil,2016-06-04T09:05:45Z,7 Twin Pines Trail
353,Nicki,Robley,Free,69,Female,Ios,nrobley9s@about.com,3d7fdfe1ef501526973b82707b091e3bba365bf8174e1230ebb3c8fe56f6ad10,China,2021-11-20T23:21:36Z,28522 Pennsylvania Alley
354,Ethel,Drohan,Free,31,Female,Other,edrohan9t@mail.ru,02e7284aa05e6a0ff5985ed914191dba4fa0f1fe829f6389f5b5f755b852f307,Indonesia,2022-02-23T09:39:33Z,03238 Welch Road
355,Martita,Baniard,Free,38,Female,Mac,mbaniard9u@digg.com,4e186824b4abc1e667137b63ec5275c3d77a546db7d711c4934d9a060bb559e5,China,2021-02-20T19:18:04Z,1 Norway Maple Park
356,Russell,Heigl,Free,82,Male,Ios,rheigl9v@ask.com,288252cea2bc5c3e828ec9176c401a9bf32de009774adc1814244cd61dfa6afd,United States,2015-06-09T19:41:36Z,8212 Morrow Pass
357,Yvon,Steet,Plus,78,Male,Ios,ysteet9w@about.me,2f10a13e9fc3711199dda23d90856ca42e4a2bd999f11ee319ccbe96e077c44a,Indonesia,2023-01-31T08:32:55Z,57 Oneill Circle
358,Brittney,McKeggie,Free,33,Female,Ios,bmckeggie9x@linkedin.com,aecb655768702c177210b88c7482afe0750a8a8659bb7007a232de8216c0c6df,Philippines,2018-10-18T20:58:54Z,9 Scofield Drive
359,Blair,Asche,Plus,40,Female,Windows,basche9y@godaddy.com,eb64750b71cca5b61f95d589ed911b1c7a38d14c7980221b713346c207139974,Finland,2018-05-11T18:54:39Z,3642 Rutledge Alley
360,Samuele,Cashman,Plus,33,Male,Android,scashman9z@theglobeandmail.com,c45a5fd3f7efe6899f92cad7da2eec1892693c3275db682eaf56fb98456471f3,New Zealand,2019-11-09T18:41:01Z,127 Hallows Trail
361,Ame,Parsonage,Free,47,Female,Android,aparsonagea0@yahoo.com,e9efa07cf00b7cfbd23c3921daaabb35aa4a9464cdcb2e97411a39ea25dd72fc,Indonesia,2022-04-07T09:51:27Z,8 Miller Place
362,Raimund,Sherewood,Plus,120,Male,Mac,rsherewooda1@cargocollective.com,f801fff22c8e73e049c99cf169d8eb73dd0d2d051515e709a490113689505cc2,Iran,2014-11-10T14:30:05Z,3982 Delaware Drive
363,Grantham,Weldon,Plus,86,Male,Android,gweldona2@barnesandnoble.com,2f252957e3edfda4fe1b48a22a3b5ba9cc1a61bc3d1436cde1e8caa0ae59d114,Indonesia,2015-12-30T15:11:03Z,99 Messerschmidt Circle
364,Boycey,Cootes,Plus,89,Male,Mac,bcootesa3@drupal.org,773cb4f6ed22df550d257ee2c610b62c8552df6927172b14eb03ff1e53523567,China,2015-09-08T18:53:16Z,0 3rd Point
365,Coop,Corhard,Plus,118,Male,Other,ccorharda4@cdc.gov,d5b9f706b93efbf89442e05d31fa5d165e0f66aceecb9fdf0160909dfbfd8328,United States,2020-05-07T23:36:52Z,3 Cottonwood Junction
366,Ariana,Bartlomieczak,Free,69,Female,Ios,abartlomieczaka5@irs.gov,27fbfd4b1ec154ea6f022841e55daa2beb904fddb7ea018f0670d5533bcfe5f9,Serbia,2015-02-02T22:44:03Z,9 Nelson Drive
367,Brnaby,Coundley,Plus,106,Male,Ios,bcoundleya6@dell.com,3d56585464de051895612c3841281d6e6f835ca746d8f88e296760a9601c5fba,Portugal,2019-01-23T16:40:03Z,1938 Kennedy Plaza
368,Valentina,Marxsen,Free,17,Female,Other,vmarxsena7@home.pl,5e517635b98ae5f82768d0ebee8b630fea51c746e0ce3c784336637a33c85c55,China,2020-06-21T07:18:37Z,9949 Lukken Park
369,Meredithe,Mockford,Free,64,Female,Other,mmockforda8@epa.gov,cef81796a5ff97af7bfa5fb2e662fa2a1453d9e20acd3b601bb24e408e3ddb24,Malaysia,2020-05-30T21:46:39Z,33335 Kim Road
370,Corny,Amaya,Plus,93,Male,Other,camayaa9@4shared.com,aba40693ba766fd58f2ccd5a640009229d9182d4a08c18952aa13e367a40918d,Portugal,2015-03-07T09:14:08Z,665 Ramsey Park
371,Ezmeralda,Corsar,Plus,84,Female,Android,ecorsaraa@github.io,a4a98767389fd696bcd650244dd7f7533007b4658f34bf22a095f0f8a121b755,Egypt,2018-12-05T00:21:16Z,36 Continental Alley
372,Heloise,McCombe,Free,78,Female,Other,hmccombeab@wikia.com,d90e040da0c81d2802bd28f2aef61187fc13ef2ef1808c7b571578fab17ffcd2,Indonesia,2015-10-23T16:28:24Z,129 Clyde Gallagher Parkway
373,Salaidh,Bartrop,Free,18,Female,Other,sbartropac@g.co,c8076d34c8db6e4434c907e3655e1c4ed941c859a9fbd76a2f559eeed4f6c579,Niger,2022-02-11T01:17:23Z,1155 Hoepker Lane
374,Sanders,Pedder,Free,36,Male,Ios,spedderad@google.ca,f408f772446c3cc8494fdd342117ac95654a30b35753f5779323afbd98e1c06c,Indonesia,2020-08-11T03:03:09Z,423 Kinsman Street
375,Claudina,Clilverd,Plus,55,Female,Linux,cclilverdae@apple.com,05916a204ccb3d872f02b925eb103a4fe24bfde6e1f27e3a4de8bbfdd3e6308d,China,2017-02-24T05:54:30Z,52977 Springs Junction
376,Waylon,Hebble,Free,92,Male,Other,whebbleaf@abc.net.au,0ba0743be542453a97350cf8bba4eb963629c8388abcd9766dc576feb8ff8765,Tanzania,2017-05-09T23:47:34Z,7223 Wayridge Plaza
377,Miguela,Thackham,Free,19,Female,Ios,mthackhamag@newyorker.com,6808f698f3575be60815f00357baf7493e7c7662b1544cee593b8ecc8966b9fe,Hong Kong,2018-03-01T11:14:44Z,056 Forest Run Crossing
378,Barron,Turvey,Plus,60,Male,Ios,bturveyah@sourceforge.net,d34d35af96cc249190ca30351dc35f489ae559b3e4c1bb4cbdc72dd2558b00b9,Palestinian Territory,2016-10-28T18:36:16Z,3671 Meadow Vale Point
379,Travis,Ellerbeck,Free,64,Male,Windows,tellerbeckai@blogs.com,1e9926a0c9c365b97dd0a3a59ef44e80479ba353219b166ae507160e691633a6,Philippines,2019-03-27T06:01:43Z,511 Southridge Trail
380,Tedmund,Cristofari,Plus,90,Male,Windows,tcristofariaj@statcounter.com,0d53c10002f39a0d8e42a763aaa3a28e07615e90864599c4787d99b855a5767d,Sweden,2015-05-26T10:19:58Z,427 Blackbird Crossing
381,Flory,Henstone,Plus,25,Male,Other,fhenstoneak@unblog.fr,4e9959c9ccf8327cb9f61fb6d17ce96dc38bb8f8a50deca07873367d1a68daf0,China,2022-07-19T12:56:27Z,209 Mockingbird Trail
382,Miles,Corringham,Plus,101,Genderqueer,Android,mcorringhamal@imdb.com,11e7ff39afeb885d1eb2d0971d0599c91876fc11c3a5fdbf4f00a2e6496253d3,Indonesia,2015-06-17T08:45:38Z,09024 Valley Edge Crossing
383,Wilma,Huggard,Plus,24,Female,Mac,whuggardam@mail.ru,81991577f114cfbc5821eb0620a2b5a3693594fe99cf80ded5e6a20e491ef8fd,Netherlands,2014-01-20T18:45:28Z,68 Daystar Drive
384,Karoline,Anear,Plus,112,Female,Android,kanearan@shareasale.com,0e06aefb7653e40b71426243f4abe75b962ab051b4654f8e0c29b69a5d7729b4,Philippines,2013-10-29T09:48:09Z,08 Bultman Avenue
385,Elvin,Tansly,Plus,92,Male,Linux,etanslyao@who.int,228eea6cb7e75e421f1946ff8838a799d55db40950e9ad7a0cb111158b845bea,Portugal,2017-10-06T23:08:22Z,4473 Hoffman Drive
386,Rolph,Endley,Free,105,Male,Windows,rendleyap@wix.com,4f31ab26a2547fc62c1dd60b87726d3a9d80a1e83aebecff1a9f4eb035fd5534,Russia,2020-12-28T18:32:50Z,99 Kings Center
387,Celisse,Hamper,Plus,46,Female,Ios,champeraq@networksolutions.com,5c5eb9e966d079f375ab8574a753ec20af817a129ea4a9ad47510a59b8613310,Tanzania,2015-04-11T18:16:40Z,26017 Packers Hill
388,Dud,Wigfield,Plus,32,Male,Windows,dwigfieldar@cnn.com,d713f5e4725b075202ffbae487367912eae513aa737e008ade75bf565fd2b8a6,Croatia,2015-07-29T12:30:20Z,99 Carpenter Place
389,Trefor,Sartin,Plus,51,Male,Ios,tsartinas@comcast.net,cfbfb688bcabb22868cd4e951dfabc8d40785a0cf0d8b76190a7d19982972c4c,Libya,2022-11-29T22:44:19Z,9700 Mcbride Plaza
390,Kippy,Hartridge,Free,54,Agender,Mac,khartridgeat@reverbnation.com,e21d286b8e19440c2387aa6f2dcebfe3627f90e203c7e1804c3819d7dc64597a,China,2022-12-20T04:00:43Z,1372 Pierstorff Street
391,Isaak,Slinn,Plus,100,Male,Windows,islinnau@alexa.com,03d603412df477e13f620f2df28ba8da813f18180ae3555fe0dbc5d9687a59a3,Canada,2018-03-16T08:38:58Z,2172 Huxley Lane
392,Lorilee,Duthy,Plus,76,Agender,Windows,lduthyav@go.com,ab8a90fe1ca2c3c2d23c04c00996ac8490db5d4e69c5c4d3fa3746e92e9a5e38,China,2015-01-22T02:22:44Z,809 Johnson Place
393,Hewie,Fletham,Plus,50,Male,Mac,hflethamaw@intel.com,6ec0ff2817a69f4df64d9063e1e7f84bd06775b5f3e8a3c698f69bc59e66e747,China,2015-05-05T01:01:08Z,1 Roth Place
394,Valentine,Whalebelly,Free,45,Male,Linux,vwhalebellyax@amazonaws.com,142c62822c957219056594527811bc177c5a2b74a477b12b3d369aee0dca36cd,Kazakhstan,2014-12-07T01:31:16Z,12 Miller Court
395,Alard,Delany,Plus,68,Male,Other,adelanyay@amazon.co.uk,538c62ff0bba74a9c656c77eaa75436cf47b5a0a59cf9b60d830f2ea11064a48,Sweden,2018-04-12T10:20:16Z,1809 Mcguire Drive
396,Jodie,Blumire,Plus,50,Male,Ios,jblumireaz@hatena.ne.jp,419f3ebb3bf2ee659da74171f20b75d63742bbbe1a46b87cb4fa627d50dbbbea,Nigeria,2020-02-14T00:22:33Z,19 Lake View Hill
397,Concordia,Molohan,Plus,85,Bigender,Other,cmolohanb0@ezinearticles.com,1691db5abec4818752d69beab346dea1fc7ff168e042db4a41cd01bff893e338,China,2017-07-31T14:24:46Z,4 South Avenue
398,Inessa,Peret,Plus,17,Female,Windows,iperetb1@fc2.com,132b1058e8bb8f22ba068a87f851f6e50007f7009fb325f340f854c78ffac65a,Thailand,2014-04-05T08:49:42Z,1236 Garrison Lane
399,Guenna,Chastang,Plus,19,Female,Linux,gchastangb2@biglobe.ne.jp,198a6538aa198afb6c2c6800a3851e3096bf7b5242f7fc2b4f8b101193bbab72,Poland,2013-12-11T17:10:37Z,4 Loftsgordon Court
400,Florinda,Schowenburg,Plus,32,Female,Other,fschowenburgb3@intel.com,4d65e2e9fafb6687ff581a840782f5fa1bf58ffc21c74474c0738f0f0b48efd9,Afghanistan,2013-05-18T01:14:26Z,625 Vermont Trail
401,Allissa,Mahmood,Free,111,Female,Linux,amahmoodb4@kickstarter.com,5099e9e3066c266e49bcbdeca4bbd4473f748a5b410f1fd668ac98a67e4bd836,Poland,2015-06-27T01:52:30Z,236 Dawn Point
402,Tine,Cammack,Free,95,Female,Ios,tcammackb5@ca.gov,259791b89ca7f9a33ca26a3e1ca147882afe022fb43d53c2ddfbdb024aa537b7,United States,2016-01-05T01:07:32Z,0228 Chinook Street
403,Bayard,De Cruce,Free,14,Male,Windows,bdecruceb6@liveinternet.ru,675195b67d91c5b0ce2a00182fd1b65741407381f624a4701bd61ab59a725ab1,Russia,2018-03-10T00:40:17Z,6418 Kedzie Court
404,Ariella,O'Dennehy,Free,85,Female,Linux,aodennehyb7@globo.com,09297781716671d6f79a525e75d840e6232277686f4b4ddf81d48ff0ddf026d8,Belarus,2021-03-11T05:26:27Z,769 Onsgard Terrace
405,Alejandra,Mellhuish,Plus,74,Female,Linux,amellhuishb8@illinois.edu,8f0df385d4a8d844c74e77fbaeff00b8682c76da77654695d82f2b43cff9b16c,China,2022-02-07T07:19:09Z,7 Lien Way
406,Magdalene,Aliberti,Plus,39,Female,Android,malibertib9@nba.com,d48b9182b68f087e89e38ff49682b9daeb7639ba6eb0fcabae8c0ac1be3ae92b,Ukraine,2016-04-20T14:44:21Z,12305 Old Shore Circle
407,Antonia,Gooddie,Free,52,Female,Ios,agooddieba@homestead.com,06c2c5556e2c7fb4d677f8fab1b4b6ac9b8a3d02206c15d009bd94593bef9f8a,Iran,2015-09-17T11:23:18Z,03 Coolidge Plaza
408,Leelah,Vanlint,Plus,89,Female,Android,lvanlintbb@a8.net,53e582e3e005c41dc1f50fffa5a8991c1dcb8507aeef587becd873568cbacb07,China,2019-06-15T19:47:05Z,0 North Center
409,Urbanus,Dunkerly,Free,62,Male,Android,udunkerlybc@gizmodo.com,c92cf86f13921389361cf9046b0bf533f8c5679cee7394fa527e497bd6bb3437,Russia,2017-03-24T01:50:31Z,083 Havey Junction
410,Carny,MacGragh,Plus,61,Male,Mac,cmacgraghbd@noaa.gov,9a9bb5568e01df99472d5535b36daba001403ad70945161f221d35dbbe37b76a,Brazil,2020-06-16T11:14:00Z,09942 Rusk Lane
411,Horacio,Brasier,Free,95,Non-binary,Android,hbrasierbe@newyorker.com,c619e3a28d0dada4bac1a3835004ef51718be150d7c4573a20ba181b86e154f1,Indonesia,2020-09-11T16:37:58Z,3 Division Parkway
412,Camala,Tunuy,Plus,56,Female,Android,ctunuybf@dagondesign.com,69044018119112914067be0c3e9cf07663c8c407181add2e9293e12ab349a733,Colombia,2019-08-13T14:11:54Z,18437 Macpherson Crossing
413,Tabbitha,Fishpoole,Plus,112,Female,Mac,tfishpoolebg@mac.com,cd9b5245117cfe22195b22975deae0bff635e0317fd894bfeb1f18b01b3362ba,Argentina,2019-09-17T21:13:37Z,25416 Old Gate Road
414,Cecily,Hulmes,Plus,32,Female,Linux,chulmesbh@yellowpages.com,c009d801adb1e14d0643e50f8bdfc559076297559f751a327c22402b9114486f,Armenia,2018-03-18T14:03:34Z,768 Almo Alley
415,Stephan,Beldan,Plus,72,Polygender,Linux,sbeldanbi@bbc.co.uk,c25646be9bae38d4969eeb25dfcad34c7a9f28e9f22acb962b1310b44473823a,China,2019-05-05T05:03:08Z,4544 Manufacturers Center
416,Timoteo,Brookton,Free,62,Male,Windows,tbrooktonbj@nhs.uk,b61c5c37270be5a321a46a0ce51d63b54da8e390404877fbdd0bc573502d8e5e,China,2016-04-15T18:07:56Z,7 Oxford Parkway
417,Jannelle,Adiscot,Free,44,Female,Ios,jadiscotbk@netlog.com,7d4755b21b7e3fd3434e1e4426280a458fa9b27d7b75360ac476b935aa5dc046,China,2016-07-22T12:36:36Z,9710 Riverside Terrace
418,Daron,Kiera,Free,38,Male,Other,dkierabl@java.com,706763afd0f25af52856716168d7c4cee56fd42caab637128a94c79510a07414,Libya,2023-02-19T00:20:46Z,28411 3rd Lane
419,Kelcy,Fritschel,Free,49,Female,Other,kfritschelbm@netscape.com,90d4713c932ac44fa7e3f9b6168a2609e3c4f944a123bcaf277a2f33790f6124,Nicaragua,2016-01-31T11:53:24Z,687 New Castle Avenue
420,Patrizia,Milsom,Free,53,Female,Other,pmilsombn@oaic.gov.au,84e2b5e753c794395c1046868ca15e72fd6b7c1df01ba80c6bf104fab20df85a,Thailand,2018-06-07T22:16:10Z,06 Bunker Hill Trail
421,Anatol,Alenin,Free,77,Male,Mac,aaleninbo@amazon.co.uk,cfb85de10ebc4a7ef062903968d0ba4f0f44dd7091164f957080e537329081da,Czech Republic,2018-06-23T07:42:39Z,93 Summit Pass
422,Flinn,Hallewell,Free,20,Polygender,Other,fhallewellbp@deliciousdays.com,cbbc696e02cf3e1618279b6ed910bdccf01b2d2bddad7c1d9df05086f363e416,China,2019-08-20T10:57:09Z,5361 Mockingbird Point
423,Ketty,Bremond,Plus,29,Female,Windows,kbremondbq@economist.com,c4d04f76799b87b5bb5b4e2125c94acea85b0db36110988894ab4eef3562d331,Indonesia,2017-12-16T15:39:44Z,912 Jenna Place
424,Jameson,Shankle,Plus,64,Polygender,Linux,jshanklebr@shareasale.com,33c1082bd8c8f5823528c0f38e24eb06fa0e96ab7fe5c1305cf89092aef95baf,Lithuania,2019-05-23T01:07:52Z,6449 Coolidge Court
425,Verina,Privost,Free,13,Female,Linux,vprivostbs@bing.com,cdcdd7a60057c07a3acd4f47fd2a7650471b0cc92e96e78f19755fce0e248314,Ecuador,2013-04-13T21:49:23Z,92723 Eagan Plaza
426,Chrisy,Schutte,Plus,97,Male,Linux,cschuttebt@etsy.com,9fa10fa8387cd4bbe1b31f69e8d9bc47ac01e3b0e3d914ca53602a30a8d97c1a,Portugal,2021-09-11T14:57:05Z,5 Clyde Gallagher Junction
427,Bartolomeo,Meddows,Plus,83,Male,Linux,bmeddowsbu@prweb.com,3f5a501dc20137dc7c17fe6c7886730836d60c47adaaf9f2eefa23e967e25fdd,Japan,2022-01-11T05:07:37Z,2007 Monterey Avenue
428,Bliss,Charlin,Free,108,Genderqueer,Ios,bcharlinbv@slideshare.net,defb354ef7d364eb7bd71c424084378e94001495b7c3dae6e134f577bddc868a,Indonesia,2016-05-07T07:48:15Z,09 Texas Parkway
429,Jaymee,Strelitz,Plus,36,Female,Ios,jstrelitzbw@surveymonkey.com,a6379b676899be5f14c0a0f354206de0089e72c48e7a04c8865db3d0fb79ac2a,Indonesia,2022-10-08T14:30:53Z,7 Marquette Trail
430,Meryl,Chappell,Free,70,Male,Mac,mchappellbx@webeden.co.uk,186671cec415c130f2a9791c7f6b2c2ad67514fc10b124c0d244c05360709843,Argentina,2017-09-30T21:44:51Z,51 South Point
431,Bettina,Ciccone,Plus,84,Female,Ios,bcicconeby@opensource.org,b1f7547cd5daaa27af32c424395d052835cd32a2ffac4f22007e1ec45900420f,China,2022-05-09T22:26:57Z,2 Autumn Leaf Junction
432,Austine,McFeat,Plus,76,Female,Windows,amcfeatbz@japanpost.jp,e20da75f938fc90b88bd5fc409181a8fdb7f74b68ce8d3f5393f4cd84197f602,Cuba,2016-11-09T22:15:53Z,66 Moland Parkway
433,Bartel,Challicombe,Plus,28,Bigender,Other,bchallicombec0@stanford.edu,ddf4f23ccb6a85d0a26e9a018dd91cb07b67b6d53e8ea579f28b6508a3f780d6,China,2020-07-09T03:49:29Z,40406 Trailsway Point
434,Kelcey,Shopcott,Plus,15,Female,Mac,kshopcottc1@xinhuanet.com,f7d6366b93a05258ee70c3c88a168549ab354a55e3f0bb92315400ceacb295d5,Indonesia,2013-11-13T07:27:10Z,4 Farwell Center
435,Zolly,Johananoff,Free,50,Male,Windows,zjohananoffc2@spotify.com,7b48c8cf112dc2392849e94c48fb20dbdee996cb2b249d65dd16c8672c21338c,Cuba,2022-12-24T06:04:02Z,3121 West Court
436,Dan,Lorrimer,Free,29,Male,Windows,dlorrimerc3@hugedomains.com,07ca3fb615378404f8a8ee225759f68be46b9087d1de6d03ceb33fd6dfab33f1,New Zealand,2015-01-15T02:34:53Z,5 Gale Plaza
437,Nata,Rowly,Plus,109,Female,Other,nrowlyc4@hibu.com,e8666e585bc78f5cce703cc3cd04867dce1eac0728254d13b99193ff892a0a69,Russia,2015-02-08T18:54:25Z,7 Caliangt Circle
438,Barn,Scotchmoor,Free,95,Male,Mac,bscotchmoorc5@howstuffworks.com,7f59cb0c530dbb0408af2dca8eb6b8064352bc8cd8d6d50c9c10a17d4c2dc713,Mexico,2014-09-24T17:01:52Z,19524 Hanson Pass
439,Avivah,Alexandrou,Plus,115,Female,Android,aalexandrouc6@w3.org,002637999cffe9120c9e8b09906edea6bbbbd4433167def3dd9158a9799e254e,China,2018-08-12T19:07:07Z,1202 Golf View Lane
440,Jacques,Goodridge,Free,54,Male,Android,jgoodridgec7@cnet.com,bfb51f17b2aee70be12132701a5fd85a4e5efb6b09800571e581bd7510e09316,Kuwait,2021-01-22T19:39:24Z,0477 Rowland Pass
441,Willy,Shearman,Free,32,Female,Other,wshearmanc8@washingtonpost.com,d90ae48a9d2a48409fb442a816fbcdb5a677a16977dc8087a138d0a618c94b45,China,2018-01-14T17:44:21Z,67 Starling Court
442,Kristan,Blues,Free,76,Female,Windows,kbluesc9@wufoo.com,195590ee21eaac61850e2bcbf9f0681131f400ac53d8e7a206f5eaa3baf6f5ce,Guam,2015-06-19T16:55:45Z,45380 Almo Circle
443,Carmella,MacAvddy,Free,78,Female,Windows,cmacavddyca@desdev.cn,d9ba5017a2f2676d262ae2cf2306c08b40545ca025f3d17f8eb61b1e5518abfe,China,2016-11-05T03:21:41Z,754 Sundown Terrace
444,Buiron,Sabates,Plus,62,Male,Ios,bsabatescb@photobucket.com,ede582bdd54e84b5433bd4b0f90011eeb3e376cabf5ab522c59edf669bcdf9da,Syria,2013-05-24T02:51:48Z,793 Sunbrook Terrace
445,Clementius,Jarrold,Free,55,Genderfluid,Windows,cjarroldcc@tuttocitta.it,d5dc2012601bb14ba026754b5f736724920b4c0bec698ae1ef6a8b97587f9fa0,Japan,2022-03-15T11:35:00Z,763 Summer Ridge Pass
446,Nerissa,Ambroix,Free,59,Female,Linux,nambroixcd@ifeng.com,46e0c9ee41bf995cb48b8fba863a909c23ef8dc052b6167d37de4a321c411970,Ethiopia,2015-06-30T01:26:39Z,1819 Onsgard Junction
447,Hirsch,Menure,Plus,63,Male,Mac,hmenurece@boston.com,2ad317a52e76ecf42b36e649c0adbb18fd10efee6e0a1a365efbdea84a6497ff,Indonesia,2018-01-16T19:56:58Z,26 Maywood Center
448,Corissa,Jaggs,Free,114,Female,Other,cjaggscf@go.com,6880c3e148a4effe65c5046fba7779b93858c56b25ec1b0a95b6d7023c7c7913,Guatemala,2013-12-29T06:04:28Z,60 Shasta Point
449,Clayborn,Werny,Plus,67,Male,Linux,cwernycg@berkeley.edu,09c4c8ed3c2d7dd9b4a29ffbc775aeb29665ee7b25ef583514826a59af24209d,Indonesia,2022-08-05T14:32:19Z,1191 Knutson Center
450,Melisandra,Shrimptone,Plus,116,Female,Linux,mshrimptonech@ning.com,a3fa4b247a6035c4be8f188bb806aa2268cfcd0dcd84999322b3e97a520bbe60,Moldova,2022-09-05T07:45:22Z,30183 Old Shore Street
451,Lotta,Reyson,Plus,54,Female,Mac,lreysonci@google.it,be3401ffe9b11021f85dd4d39e97b980c200a32078f9cd990abdff83a482f1ea,Poland,2019-02-27T08:40:32Z,36258 Weeping Birch Drive
452,Olivia,Filippo,Plus,28,Female,Android,ofilippocj@bandcamp.com,122e4c92a3ff28f9542d132ae9fda8173cb781bcdee2226f825fcf81adc0e4a3,Brazil,2022-12-17T01:53:04Z,6 Schmedeman Hill
453,Blondy,Buckwell,Free,66,Female,Linux,bbuckwellck@paginegialle.it,ce89f04f28b6b64868b7b2a2f035be709fd6df7e14a3c75665c0fd74ab154ab7,Kazakhstan,2013-07-13T23:47:04Z,35427 Fremont Trail
454,Charline,Dainton,Free,61,Female,Android,cdaintoncl@prlog.org,ad95598c8ee3b0d2de18c36a4080d4f0a2daef9912b6d6502e42fb819f268a9b,Czech Republic,2019-11-29T08:40:15Z,48 Armistice Hill
455,Olva,Charlewood,Plus,22,Female,Windows,ocharlewoodcm@eepurl.com,3df6e11af7405bc326282f9adbb649b146b5dca8f5383e97ba724341af8b3049,Peru,2013-12-31T13:58:43Z,90 Katie Center
456,Jemie,Ranns,Free,18,Female,Windows,jrannscn@123-reg.co.uk,ac606fe7430dcec0ede8a9bd11c7b90d3a132b356885d958e6fe2799de22904c,Poland,2019-11-28T08:03:22Z,23 Debra Court
457,Maxwell,Bayley,Free,15,Non-binary,Linux,mbayleyco@ask.com,9c935d8ccc645ecf103149c2afced5488b4955a670ef840f74392f44cf974531,Madagascar,2017-07-27T22:28:28Z,7 Macpherson Park
458,Kippar,Crocombe,Free,82,Male,Other,kcrocombecp@salon.com,15d79d4327bd72c7bcd44e3c4266c2483a8d99b0eef75e8a77da711f9e208207,Argentina,2017-12-02T13:20:56Z,522 Farwell Terrace
459,Dame,Slafford,Free,37,Polygender,Mac,dslaffordcq@usnews.com,452205661bd975ef5e35853f0cdb33ac1d3a0d0c56989d403b74cdfb9053fe51,China,2020-03-04T06:54:28Z,660 Dryden Lane
460,Rozalin,Fuster,Free,96,Bigender,Mac,rfustercr@free.fr,cb8246c2fedde01f0e3974a2775982339568ffde5908727aaf480598d28409c2,Brazil,2018-04-04T14:12:53Z,2756 Glacier Hill Plaza
461,Lorinda,Golly,Plus,42,Polygender,Mac,lgollycs@forbes.com,97cb16d77a9c900c62bd2d9803aa6a3f4f5a1f299e2220fa65708d27b2ee9f61,,2021-03-22T09:58:33Z,94810 Bonner Junction
462,Freedman,Goncalo,Plus,13,Male,Ios,fgoncaloct@chron.com,a8369ef6b2e52becbe867edf00866a33a5b2d83970751efce358b225ee32cc2b,Mexico,2014-10-06T05:24:00Z,266 Ramsey Parkway
463,Jordan,Lawman,Plus,63,Female,Ios,jlawmancu@wordpress.org,d120d3e78db8d42b446f04f2d5144313e2358d7917b89fb30f01d8661ab17fbf,China,2019-05-19T04:21:49Z,54 Nova Plaza
464,Courtney,Noton,Free,100,Agender,Linux,cnotoncv@bbb.org,d9d5c5152981c90473dcbbdab596543ffe8b507ce002e76a6d3677fcdbd7f222,Philippines,2016-05-25T04:32:58Z,774 Caliangt Way
465,Vic,Hark,Plus,113,Male,Linux,vharkcw@liveinternet.ru,a07fe737930155af0dbed08019622f32cd1c002caf9bd98d1f7636fc9bd106a2,Syria,2018-05-22T19:49:29Z,294 Scoville Drive
466,Brendon,Karoly,Plus,23,Male,Windows,bkarolycx@hexun.com,fe08caa9ed8ea563d86964f3b7172e96d42ab46585700428341ffbb5a8179e19,Poland,2013-08-22T11:51:56Z,70 Mcguire Parkway
467,Melonie,Tedorenko,Plus,51,Female,Other,mtedorenkocy@google.com.hk,30d84f7b99ce0e74cdfa28a73e9fec3be77fc2b7b6515158052ebfd30e64da43,Uganda,2019-09-07T03:44:36Z,10 Fieldstone Place
468,Adolphus,Fidgin,Free,43,Male,Linux,afidgincz@pbs.org,3e22a62e225ba5c7d5ad92a8f8743af4ff5781967e4837746a229fd7ec3e15d9,Ukraine,2023-02-28T00:28:14Z,2 Cody Trail
469,Gwyn,Low,Free,41,Female,Windows,glowd0@yahoo.com,8a3be3676a25efcdb340029be3515b570bd32546591f077daaed0f3f6479a579,Brazil,2022-04-03T12:38:37Z,36 Graedel Circle
470,Davidde,Rees,Plus,117,Male,Windows,dreesd1@bbb.org,88f3bbc506732d7b6856dd52e696a79e7b87c4edf54bb15070bafae921563e5b,Montenegro,2018-08-02T12:08:18Z,7 Atwood Avenue
471,Mozes,Vibert,Free,49,Polygender,Linux,mvibertd2@phoca.cz,49a4457cb1723de2584ebba4a338c3d9ba28df67e724b2637c8a0e96dc1b96f7,Indonesia,2020-12-12T18:45:50Z,20160 Fordem Crossing
472,Urbain,Southan,Plus,17,Male,Mac,usouthand3@businessweek.com,1b5f0764d3ac3d32893a5b28677e2ac09c809f92f7668c9acfd2b7c9dd3e7cc8,Philippines,2016-09-08T06:20:39Z,24 Fulton Trail
473,Sherwynd,Brash,Plus,77,Polygender,Other,sbrashd4@mysql.com,7749fdadd411f42cb13ac1f086fa87fc42370c92a1d1c36db394aa1554e8ed7c,Portugal,2017-11-02T09:48:07Z,01 Russell Parkway
474,Edvard,Brookzie,Plus,109,Male,Ios,ebrookzied5@cyberchimps.com,754b2e35e78c00d3088ea39c1b63b31e39e67212968ea5931c921e7a79a8caa5,Japan,2013-08-13T11:12:57Z,6 Washington Court
475,Rey,Jorgesen,Free,48,Male,Linux,rjorgesend6@reverbnation.com,286f39bd30caff3c368e4551212229d6a4f2192a6fe15c1848226ecd66ea7d82,Russia,2017-08-29T15:34:59Z,08463 Mariners Cove Court
476,Lawry,Guiett,Plus,35,Polygender,Linux,lguiettd7@yandex.ru,e73c3d1b4da96b650bc09e8754630baef2aa1dd41852d57a4275f7529cccc3e3,Honduras,2018-09-11T23:57:00Z,1197 Gerald Street
477,Dasie,Walesa,Free,53,Female,Ios,dwalesad8@dyndns.org,cdf076e797a1fcb46fe0c140a42392472de6916aa4d9c7ea986241b1f04f1d41,Philippines,2016-02-13T15:00:05Z,6 Logan Drive
478,Ardath,Tireman,Free,21,Female,Ios,atiremand9@bing.com,0ade5703cb4ec25eb89ab632c0af2c719ba4805c667702ae981577938390a894,Ivory Coast,2017-09-25T06:11:56Z,14609 1st Street
479,Niels,Thurner,Plus,58,Male,Linux,nthurnerda@google.it,ac67cbada2b896f27fac0f51ef16251c5755e8573bda9831b502b6926c8f7361,Russia,2022-01-23T08:44:05Z,46599 Kenwood Junction
480,Anna-maria,Yeskin,Plus,19,Bigender,Android,ayeskindb@blogger.com,de8766d990bf83f33b885aad60312a3cde222fef6932e6602c1df1fd2dd9b292,Indonesia,2016-05-31T11:45:57Z,661 Vermont Avenue
481,Karry,D'Cruze,Free,79,Female,Mac,kdcruzedc@sourceforge.net,f8dfb705b9d9e66f2e9382b288f7309a8162169b5d85b9519ad01384b2d10766,Cameroon,2018-04-21T03:57:24Z,2 Havey Drive
482,Gerick,Wadelin,Plus,98,Male,Android,gwadelindd@foxnews.com,6b20b7794686b82e81e73912ef35b32c4d7f47836b9fbae334d0049de384923c,China,2016-07-09T03:06:32Z,16 Luster Way
483,Bank,Pierton,Free,70,Male,Ios,bpiertonde@stanford.edu,0cb4afcf2451e3c0e64dcf16a33b8d41e804cad7d4c3b203f88778e585e8e769,Portugal,2017-11-24T21:34:59Z,223 Daystar Pass
484,Hanny,Shoard,Free,83,Female,Ios,hshoarddf@photobucket.com,81c809c53585e335561bbd87d8e25ebbbd2124ec8599fffe7129bc86af7ed486,Venezuela,2015-07-10T15:06:59Z,51 Clyde Gallagher Parkway
485,Enoch,Millership,Plus,39,Male,Ios,emillershipdg@answers.com,be830eaa6c2a4a8756ee9d90c71b0048198232e8302327089449d0894626f92c,Bolivia,2022-06-15T01:49:48Z,184 Forster Terrace
486,Whitman,Bentsen,Free,14,Polygender,Mac,wbentsendh@princeton.edu,149e6aaffb237d35f85f67537c3233030f8d9fefd5ed584f7a8df594be197ae0,United States,2014-02-25T03:54:15Z,93 Myrtle Trail
487,Sherlock,O'Kenny,Free,28,Male,Ios,sokennydi@imgur.com,fde5979e38047cbce8fdd53ff24ee79c5bb68aaeb5f73a1ba1bf4c7bba29c528,Indonesia,2013-05-01T00:10:07Z,7 Bayside Point
488,Padgett,Castagnet,Free,70,Male,Android,pcastagnetdj@google.com.hk,fa0bb6e45f11b96b5eea629399209534e82c45555b4be056342b866f9129420d,Bosnia and Herzegovina,2022-05-02T20:34:31Z,431 Vermont Plaza
489,Harrison,Burrows,Free,72,Male,Windows,hburrowsdk@geocities.com,7e6240f79672a64674861fe18996ae591917d6b6b897bf5a4f18dc44f6bea752,Senegal,2013-04-08T01:52:53Z,411 Summer Ridge Drive
490,Goldarina,Paolozzi,Free,73,Female,Windows,gpaolozzidl@cnn.com,38cf9fcddf2a5d68b94f6e1e82397e50cc46f8a9b9933f95bb0fb569eed514cb,Philippines,2016-01-14T09:07:23Z,031 Browning Court
491,Rochella,Fenty,Plus,69,Female,Mac,rfentydm@flavors.me,ce905a8a4b28cc12e96c01b26610c2d36bab3987320f8fbf57f3bb4857ec34ea,Panama,2018-01-25T16:04:58Z,907 Sage Parkway
492,Tasha,McShea,Plus,19,Female,Windows,tmcsheadn@newyorker.com,2ad8b53d10baaee53f3c2c8b04e60dfc41ebea2e89821736b55dd8967d5017f7,Indonesia,2019-01-29T03:39:12Z,77 Birchwood Circle
493,Carol-jean,Stag,Plus,97,Female,Linux,cstagdo@tiny.cc,a68cd684ae84885c29a3b2a8b50cc37e9360c9cd0d9262f21aa24a4f1b824b3d,Afghanistan,2017-06-19T04:26:08Z,63 Sage Lane
494,Colan,Pearce,Plus,118,Male,Other,cpearcedp@unc.edu,e60d9d4c377a185f7beef7960cced5151423e7fdeeeb0c982ce2ad088407fe2e,United States,2020-03-01T05:09:53Z,7 Paget Crossing
495,Town,Crasswell,Plus,33,Male,Linux,tcrasswelldq@storify.com,f4007eae0a8e6440e8ed75166cf0365f727468e0d2d45751a4257a4b9b11c073,Cuba,2018-08-09T22:15:56Z,51496 Monica Junction
496,Patrick,Clapham,Free,21,Male,Mac,pclaphamdr@diigo.com,683011572138a4a41da90fcd0246b3e42e611163905b52d43b1e72092c42bb92,Portugal,2018-09-07T21:34:22Z,35794 Valley Edge Avenue
497,Karlan,Delacourt,Plus,73,Genderfluid,Ios,kdelacourtds@blog.com,c2acf5482ffb6c23773f5ad5e31c69e9cb0c982c83bdf22a8df772146a7197e0,United States,2017-07-16T18:20:52Z,81659 Colorado Street
498,Ddene,Kinset,Free,33,Female,Android,dkinsetdt@fc2.com,63bc76ea5396fc44c5483754506b50887a9d6fb66042b3aabccdc3670e648275,Israel,2017-10-16T22:06:00Z,50551 Beilfuss Alley
499,Thaddus,Kybert,Plus,65,Male,Ios,tkybertdu@twitter.com,7e7a244913416d993c28348c4b32156e541a523f279088d125ccf5c27f0a656a,New Zealand,2015-01-28T07:22:33Z,31 Di Loreto Way
500,Fergus,Folland,Free,81,Male,Linux,ffollanddv@yelp.com,5bb52c7b3438d4a12dc56909555dc93b9554309cb3d11a74870f060a8d42692a,Thailand,2021-05-18T12:10:38Z,19487 Monument Parkway
